metric,value,interpretation
bundle_rows,198,Rows in result/direct_read_audit_bundle.csv.
manifest_rows,876,Curated artifact rows in result/direct_read_artifact_manifest.csv.
manifest_present_nonempty,872,Curated artifacts present and non-empty.
manifest_missing_or_empty,4,Curated artifacts missing or empty.
raw_file_inventory_rows,209,Raw tabular files inspected.
raw_variable_catalog_rows,5410,Raw variables inspected.
analysis_ready_data_files,1,"Dataset-like files currently present in data/, excluding README/.gitkeep."
promoted_data_gate_status,open_registry_has_promoted_rows,Current promoted-data write gate status.
promoted_data_gate_registry_promoted_rows,1,Registry rows currently allowed to write promoted datasets into data/.
promoted_data_gate_quarantined_files,0,Pre-promotion diagnostic files moved from data/ to temp/.
priority_lsms_isa_public_documentation_dataset_rows,19,Refocused LSMS/ISA waves covered by the public documentation receipt.
priority_lsms_isa_public_documentation_core_complete_rows,19,Refocused LSMS/ISA waves with all core public metadata/documentation resources saved.
priority_lsms_isa_public_documentation_file_inventory_rows,1597,Official DDI file-description rows extracted into a compact GPT-readable table.
priority_lsms_isa_public_documentation_access_gate_rows,19,Refocused LSMS/ISA waves whose official get-microdata page still shows credentialed access language.
priority_lsms_isa_variable_evidence_candidate_rows,1531,Concept-level official metadata candidate variables shortlisted for raw review.
priority_lsms_isa_variable_evidence_requirement_rows,152,Requirement-by-wave variable evidence coverage rows.
priority_lsms_isa_variable_evidence_file_shortlist_rows,629,Official DDI files shortlisted by concept for raw package checking.
priority_lsms_isa_raw_value_workbook_requirement_rows,152,Requirement-level raw value verification workbook rows.
priority_lsms_isa_raw_value_workbook_variable_rows,1531,Variable-level raw value verification workbook rows.
priority_lsms_isa_raw_value_workbook_file_rows,629,File-level raw value verification workbook rows.
priority_lsms_isa_received_raw_schema_file_rows,52,Received official raw archive files included in the metadata-only schema audit.
priority_lsms_isa_received_raw_schema_readable_file_rows,52,Received official raw files readable by the schema audit.
priority_lsms_isa_received_raw_schema_variable_rows,1901,Variables extracted from the received official raw archive schema.
priority_lsms_isa_received_raw_schema_candidate_present_rows,84,Requirement candidate variables present in the received official raw archive.
priority_lsms_isa_received_raw_value_profile_variable_rows,84,Candidate requirement variables with received raw value-profile evidence.
priority_lsms_isa_received_raw_value_profile_nonmissing_variable_rows,84,Candidate variables with at least one nonmissing raw value.
priority_lsms_isa_received_raw_key_design_geography_profile_rows,459,"Utility key, design, and geography variables profiled from received raw files."
priority_lsms_isa_received_raw_value_profile_requirements_with_profiles,7,Requirements with value-profile evidence available for manual review.
priority_lsms_isa_received_raw_semantics_variable_rows,543,Variable-level semantics review rows from value and utility profiles.
priority_lsms_isa_received_raw_semantics_ddi_documented_variable_rows,543,Profiled variables matched to official DDI documentation.
priority_lsms_isa_received_raw_semantics_requirement_rows,8,Requirement-level semantics review rows.
priority_lsms_isa_received_raw_semantics_missing_codes_units_recall_skip_requirement_rows,1,Documentation-semantics gate rows backed by review evidence.
mwi2004_raw_requirement_verification_requirements,8,Malawi 2004 promotion requirements with focused raw-backed verification evidence.
mwi2004_raw_requirement_verification_key_or_join_checks,10/11,Malawi 2004 mechanical uniqueness and join checks passing in focused raw review.
mwi2004_raw_requirement_verification_decision,not_final_verified,Focused Malawi 2004 decision; it should remain not_final_verified until manual construct and climate-linkage acceptance pass.
mwi2004_requirement_acceptance_decision_rows,8,Malawi 2004 requirement-level accept/block decisions.
mwi2004_requirement_acceptance_mechanical_pass_or_partial,8,Requirements with mechanical raw evidence that passes but remains short of final verification.
mwi2004_requirement_acceptance_final_verified,8,Requirements accepted as final verified for their stated scope; this does not by itself open data writes.
mwi2004_financial_policy_status,che10_che25_financial_inputs_verified_sdg382_blocked,Malawi 2004 CHE10/CHE25 financial policy status.
mwi2004_financial_policy_household_rows,11280,Household rows with verified financial inputs for CHE10/CHE25 candidates.
mwi2004_financial_policy_che10_rows,208,Candidate CHE10 rows from accepted financial inputs.
mwi2004_financial_policy_che25_rows,17,Candidate CHE25 rows from accepted financial inputs.
mwi2004_financial_policy_sdg382_ready,0,Whether SDG 3.8.2 is ready; should remain zero.
mwi2004_sdg382_parameter_internal_inputs_complete,1,"Whether Malawi 2004 has raw OOP, consumption, household size, and weights needed before parameterizing current SDG 3.8.2."
mwi2004_sdg382_parameter_external_ppp_cpi_verified,0,Whether 2017 PPP and CPI/deflator parameters have been frozen for Malawi 2004 SDG 3.8.2.
mwi2004_sdg382_parameter_sdg382_ready,0,Current Malawi 2004 SDG 3.8.2 readiness under the 2026 discretionary-budget metadata.
mwi2004_sdg382_external_parameter_ppp_private_2017,249.104888916,World Bank private-consumption PPP candidate captured for Malawi 2017.
mwi2004_sdg382_external_parameter_cpi_ratio_candidate,6.11673829608,Annual CPI candidate bridge from 2004 to 2017; not final.
mwi2004_sdg382_external_parameter_bridge_accepted,0,Whether the external PPP/CPI bridge is accepted for final SDG 3.8.2 classification.
mwi2004_sdg382_candidate_precheck_nonpositive_discretionary_rows,9073,Rows with nonpositive candidate discretionary budget under Malawi 2004 candidate SPL.
mwi2004_sdg382_candidate_precheck_strict_candidate_rows,119,Candidate SDG 3.8.2 household rows under the strict positive-discretionary-budget diagnostic variant.
mwi2004_sdg382_candidate_precheck_floor_candidate_rows,122,Candidate SDG 3.8.2 household rows under the denominator-floor sensitivity variant.
mwi2004_sdg382_candidate_precheck_written_to_data,0,Whether household-level candidate SDG 3.8.2 classifications were written to data; should remain zero.
mwi2004_sdg382_official_denominator_rule_accepted,1,Whether the official nonpositive-discretionary-budget rule is accepted from UNSD metadata.
mwi2004_sdg382_official_rule_candidate_rows,6437,Aggregate candidate SDG 3.8.2 rows using the official denominator rule plus the candidate SPL bridge.
mwi2004_sdg382_official_rule_candidate_rate,0.641627388522,Weighted candidate rate under the official rule; not final because the SPL bridge is not accepted.
mwi2004_sdg382_official_rule_bridge_accepted,0,Whether the Malawi local-currency SPL bridge is accepted; should remain zero.
mwi2004_timing_geography_policy_status,raw_timing_admin_ea_geography_verified_climate_route_blocked,Malawi 2004 timing/geography raw-value policy status.
mwi2004_timing_geography_idate_rows,11280,Rows with verified raw household interview date.
mwi2004_timing_geography_months,13,Distinct interview months for climate-window anchoring.
mwi2004_timing_geography_household_ea,564,Distinct household EA/admin keys.
mwi2004_timing_geography_ready_for_route_review,1,Whether raw timing and geography are ready for climate-route review.
mwi2004_timing_geography_accepted_chirps_era5_route,0,Whether CHIRPS/ERA5 route is accepted; should remain zero.
mwi2004_chirps_admin2_route_design_ready,1,Whether Malawi 2004 has a CHIRPS ADM2 route design ready for raster extraction.
mwi2004_chirps_admin2_raw_boundary_matches,26,Raw Malawi 2004 district labels matched to ADM2 boundary names.
mwi2004_chirps_admin2_required_months,24,CHIRPS monthly GeoTIFF files required for planned lag windows.
mwi2004_chirps_admin2_accepted_route,0,Promoted climate linkage gate remains closed until extraction validation passes.
mwi2004_chirps_admin2_extraction_files,24,CHIRPS monthly files downloaded and readable for Malawi 2004 extraction.
mwi2004_chirps_admin2_district_month_rows,672,ADM2 district-month rainfall exposure rows.
mwi2004_chirps_admin2_lag_window_rows,1316,Raw district-interview-month lag-window exposure rows.
mwi2004_chirps_admin2_extraction_accepted_route,1,Whether CHIRPS extraction validation opens the climate-linkage route gate.
mwi2004_health_access_label_rows,127,Health/access variable-value rows mapped into candidate construct decisions.
mwi2004_health_access_no_money_rows,660,d07a/d07b rows mapped to no-money no-action candidate access failure.
mwi2004_health_access_skip_leakage_rows,6,Aggregate skip leakage rows found in the health/access label-skip audit.
mwi2004_health_exception_d07a_overlap,0,Overlap between d07a skip leakage and health-module person keys absent from the roster.
mwi2004_health_exception_explained_by_nonroster,0,Whether d07a skip leakage is fully explained by nonroster health rows.
mwi2004_health_exception_policy_status,policy_pending_exception_unresolved,Exception audit status for person-key and skip-leakage resolution.
mwi2004_health_access_policy_status,candidate_policy_ready_active_skip_and_provider_blockers,Candidate health/access construction policy status.
mwi2004_health_access_policy_denominator_rows,14143,Roster-matched d04==Yes rows under the candidate access denominator.
mwi2004_health_access_policy_no_money_rows,631,Candidate no-money forgone-care rows counted once per person row.
mwi2004_health_access_resolution_status,access_person_keys_and_cost_barrier_forgone_care_verified_with_documented_exclusions,Malawi 2004 access/person-key resolution status.
mwi2004_health_access_resolution_denominator_rows,14143,Accepted roster-matched acute-need denominator rows.
mwi2004_health_access_resolution_no_money_rows,631,Accepted cost-barrier forgone-care rows.
mwi2004_health_access_resolution_skip_no_money_rows,0,No-money rows among documented skip exceptions; must be zero for accepted exclusion.
mwi2004_health_access_policy_final_verified,1,Whether Malawi 2004 acute need and cost-barrier access are final verified for the stated scope.
mwi2004_missing_units_recall_skip_status,raw_missing_units_recall_skip_policy_verified_for_accepted_constructs,"Malawi 2004 missing, units, recall, and skip policy status."
mwi2004_missing_units_recall_skip_final_verified,1,"Whether missing, units, recall, and skip policy is final verified for accepted constructs."
mwi2004_promoted_dataset_status,promoted_analysis_ready,Whether the Malawi 2004 household-climate synthesis is promoted analysis-ready.
mwi2004_promoted_dataset_rows,11280,Household rows in the local promoted Malawi 2004 dataset.
mwi2004_promoted_dataset_che10_rows,208,Promoted Malawi 2004 CHE10 household rows.
mwi2004_promoted_dataset_che25_rows,17,Promoted Malawi 2004 CHE25 household rows.
mwi2004_promoted_dataset_cost_barrier_households,519,Promoted Malawi 2004 households with any cost-barrier forgone care.
mwi2004_promoted_dataset_climate_complete_rows,11280,Promoted Malawi 2004 household rows with complete 1/3/6/12 month CHIRPS exposures.
mwi2004_promoted_dataset_data_write_gate,open_promoted_dataset_written,Controlled data-write gate outcome for the Malawi 2004 promoted synthesis.
priority_lsms_isa_receipt_checklist_dataset_rows,19,Dataset-level raw package receipt checklist rows.
priority_lsms_isa_receipt_checklist_requirement_rows,152,Requirement-level raw package receipt checklist rows.
priority_lsms_isa_receipt_checklist_package_received_rows,1,Refocused LSMS/ISA waves with original package receipt evidence.
priority_lsms_isa_credentialed_workbench_dataset_rows,19,Credentialed raw acquisition workbench dataset rows.
priority_lsms_isa_credentialed_workbench_core_file_rows,629,Core file rows to confirm after official package download.
priority_lsms_isa_credentialed_workbench_package_received_rows,1,Credentialed workbench waves with original package receipt evidence.
priority_lsms_isa_official_file_receipt_expected_file_rows,1597,Official DDI files expected after package receipt.
priority_lsms_isa_official_file_receipt_expected_file_matched_rows,52,Expected official DDI files matched locally.
priority_lsms_isa_official_file_receipt_core_file_missing_rows,592,Core expected files still missing locally.
priority_lsms_isa_threshold_sequence_minimum_download_rows,11,Minimum downloads needed to test 10-wave and 6-country thresholds if every wave passes verification.
priority_lsms_isa_threshold_sequence_recommended_download_rows,13,Recommended threshold downloads including all sixth-country candidates.
priority_lsms_isa_threshold_sequence_raw_package_received_rows,1,Threshold sequence rows with non-blocked official file receipt status.
priority_lsms_isa_minimum_batch_expected_full_file_rows,890,Expected official DDI file rows across the 11-wave minimum batch.
priority_lsms_isa_minimum_batch_missing_core_file_rows,323,Core official files still missing locally for the 11-wave minimum batch.
priority_lsms_isa_minimum_endpoint_credentialed_download_required_rows,11,Minimum-batch waves still requiring credentialed World Bank download after endpoint refresh.
priority_lsms_isa_minimum_endpoint_raw_download_candidate_rows,0,Raw download candidate endpoints detected by the minimum-batch endpoint refresh.
priority_lsms_isa_next_raw_package_actions,18,Country-waves in the next raw package acquisition queue.
priority_lsms_isa_next_raw_package_minimum_remaining,10,Remaining minimum-batch waves requiring complete official raw packages.
priority_lsms_isa_next_raw_package_core_file_rows,592,Core requirement-file rows to confirm after raw package placement.
priority_lsms_isa_next_raw_package_countries_if_pass,6,Countries covered if the current promoted row plus remaining minimum batch all pass verification.
priority_lsms_isa_next_raw_package_waves_if_pass,11,Country-waves covered if the current promoted row plus remaining minimum batch all pass verification.
priority_lsms_isa_incoming_router_incoming_files,0,Files currently staged under temp/raw_downloads/_incoming for route scoring.
priority_lsms_isa_incoming_router_copy_candidates,0,Incoming files with a single suggested country-wave target folder.
priority_lsms_isa_incoming_router_manual_review_rows,0,Incoming files that need manual route review.
priority_lsms_isa_threshold_gap_current_country_gap,5,Additional value-verified countries needed from the current promoted registry.
priority_lsms_isa_threshold_gap_current_wave_gap,9,Additional value-verified country-waves needed from the current promoted registry.
priority_lsms_isa_threshold_gap_minimum_remaining_downloads,10,Minimum-batch raw package downloads still required.
priority_lsms_isa_threshold_gap_countries_if_minimum_passes,6,Countries covered if all remaining minimum-batch downloads later pass verification.
priority_lsms_isa_threshold_gap_waves_if_minimum_passes,11,Country-waves covered if all remaining minimum-batch downloads later pass verification.
priority_lsms_isa_threshold_gap_country_buffer,0,Country-count buffer above the 6-country threshold after the minimum batch passes.
priority_lsms_isa_threshold_gap_wave_buffer,1,Country-wave buffer above the 10-wave threshold after the minimum batch passes.
priority_lsms_isa_manual_download_packet_rows,10,Remaining minimum-batch waves with per-wave manual download packets.
priority_lsms_isa_manual_download_packet_core_rows,323,Core-file rows listed across manual download packets.
priority_lsms_isa_manual_download_packet_reports,10,Per-IDNO markdown packet reports written.
priority_lsms_isa_manual_download_progress_validation_ready,0,Manual download packets with local target files ready for validation.
priority_lsms_isa_manual_download_progress_blocked_no_files,10,Manual download packets still lacking local target files or incoming route matches.
priority_lsms_isa_manual_download_progress_target_files,0,Non-generated files currently found under packet target folders.
priority_lsms_isa_post_download_validation_ready_packets,0,Packets ready for post-download validation.
priority_lsms_isa_post_download_validation_plan_rows,50,Post-download validation command-plan rows.
priority_lsms_isa_post_download_validation_execute_commands,0,Validation commands selected for execution in the latest runner invocation.
priority_lsms_isa_manual_download_execution_board_rows,10,Manual-download execution board rows.
priority_lsms_isa_manual_download_execution_board_target_files,0,Files currently present under execution-board target folders.
priority_lsms_isa_manual_download_execution_board_validation_ready,0,Execution-board rows ready for post-download validation.
priority_lsms_isa_credentialed_download_handoff_rows,10,Credentialed World Bank download handoff rows.
priority_lsms_isa_credentialed_download_handoff_attempted,0,Credentialed download handoff rows where /download was requested.
priority_lsms_isa_credentialed_download_handoff_saved,0,Credentialed download handoff rows where raw payloads were saved.
priority_lsms_isa_promotion_gate_country_waves,19,Country-waves tracked by the promotion gate dashboard.
priority_lsms_isa_promotion_gate_promoted_rows,1,Country-waves already promoted analysis-ready in the gate dashboard.
priority_lsms_isa_promotion_gate_blocked_raw_package_rows,18,Country-waves still blocked at complete official raw package receipt.
priority_lsms_isa_promotion_gate_requirement_rows,152,Requirement-level gate rows tracked by the promotion dashboard.
priority_lsms_isa_unlock_board_rows,10,Minimum-batch promotion unlock board rows.
priority_lsms_isa_unlock_board_public_docs_complete,10,Minimum-batch rows with complete public documentation receipt.
priority_lsms_isa_unlock_board_validation_ready,0,Minimum-batch rows ready for receipt validation after local package placement.
priority_lsms_isa_unlock_board_projected_countries,6,Projected country count if every current minimum-batch package passes all promotion gates.
priority_lsms_isa_unlock_board_projected_waves,11,Projected country-wave count if every current minimum-batch package passes all promotion gates.
priority_lsms_isa_worldbank_session_bootstrap_rows,10,Minimum-batch rows covered by the redacted World Bank session bootstrap.
priority_lsms_isa_worldbank_session_ready_for_probe,0,Rows ready for credentialed /download probing.
priority_lsms_isa_worldbank_session_missing_session,10,Rows blocked because local session material is absent.
priority_lsms_isa_worldbank_session_cookie_present,0,Whether the local cookie file exists; contents are never included.
priority_lsms_isa_credentialed_fetch_command_packet_rows,10,Minimum-batch rows with credentialed fetch commands.
priority_lsms_isa_credentialed_fetch_command_packet_countries,5,Distinct countries covered by the fetch command packet.
priority_lsms_isa_credentialed_fetch_expected_core_files,323,Expected core raw-file rows to check after package receipt.
priority_lsms_isa_credentialed_fetch_ready_for_probe,0,Fetch command rows ready for credentialed probing.
priority_lsms_isa_credentialed_fetch_missing_session,10,Fetch command rows blocked because local session material is absent.
priority_lsms_isa_browser_download_starter_rows,10,Minimum-batch rows with browser/manual download starter commands.
priority_lsms_isa_browser_download_starter_ready,10,Starter rows with official URLs and target folders.
priority_lsms_isa_browser_download_first_canary,ETH_2021_ESPS-W5_v02_M,First wave to try before scaling manual/browser downloads.
priority_lsms_isa_browser_download_target_files,0,Existing target-folder files before browser/manual download.
priority_lsms_isa_first_canary_idno,ETH_2021_ESPS-W5_v02_M,First canary IDNO covered by the dedicated download runbook.
priority_lsms_isa_first_canary_unique_core_files,25,Unique core files in the first canary checklist.
priority_lsms_isa_first_canary_requirement_core_file_rows,36,Requirement-file linkage rows in the first canary checklist.
priority_lsms_isa_first_canary_target_files,0,Current first canary target-folder file count.
priority_lsms_isa_local_raw_presence_registry_rows,19,Promotion registry rows audited for local raw-like files.
priority_lsms_isa_local_raw_presence_registry_raw_present,1,Registry rows with local raw-like files.
priority_lsms_isa_local_raw_presence_minimum_batch_raw_absent,10,Minimum-batch rows still lacking local raw-like files.
priority_lsms_isa_local_raw_presence_diagnostic_albania_raw_files,4,Registry-outside Albania raw files retained as diagnostic-only.
priority_lsms_isa_acquisition_to_promotion_handoff_rows,19,Registry rows mapped from raw acquisition to promotion-refresh gates.
priority_lsms_isa_acquisition_to_promotion_gate_rows,209,Verification-gate checklist rows in the acquisition-to-promotion handoff.
priority_lsms_isa_acquisition_to_promotion_minimum_batch_acquire_rows,10,Minimum-batch rows still blocked at official raw package acquisition.
priority_lsms_isa_acquisition_to_promotion_acquire_raw_rows,18,Registry rows still blocked at official raw package acquisition.
priority_lsms_isa_dataset_scope_lock_rows,11,Locked target country-wave rows for the dataset-promotion campaign.
priority_lsms_isa_dataset_scope_lock_country_rows,6,Countries represented if all locked target rows pass promotion gates.
priority_lsms_isa_dataset_scope_lock_download_required_rows,10,Locked target rows still requiring official raw package acquisition.
priority_lsms_isa_dataset_scope_lock_promoted_anchor_rows,1,Locked target rows already promoted as current anchors.
priority_lsms_isa_dataset_scope_lock_wave_period_min,2004-2005,Earliest wave label in the locked target scope.
priority_lsms_isa_dataset_scope_lock_wave_period_max,2021-2022,Latest wave label in the locked target scope.
priority_lsms_isa_acquisition_route_decision_rows,10,Download-required waves with a consolidated acquisition-route decision.
priority_lsms_isa_acquisition_route_decision_local_files_present_rows,0,Download-required waves with local non-generated files ready for validation.
priority_lsms_isa_acquisition_route_decision_public_raw_candidate_rows,0,Download-required waves with public raw-route candidate evidence requiring terms review.
priority_lsms_isa_acquisition_route_decision_credentialed_probe_ready_rows,0,Download-required waves with local redacted session material available for credentialed probing.
priority_lsms_isa_acquisition_route_decision_browser_manual_required_rows,10,Download-required waves currently requiring browser/manual World Bank terms acceptance.
priority_lsms_isa_scoped_incoming_router_targets,10,Locked download-required waves covered by the scoped incoming router.
priority_lsms_isa_scoped_incoming_router_incoming_files,0,Files currently staged under temp/raw_downloads/_incoming for the scoped router.
priority_lsms_isa_scoped_incoming_router_pending_drop_rows,10,Scoped target waves still waiting for an incoming package drop.
priority_lsms_isa_scoped_incoming_router_copy_candidates,0,Scoped target waves with a suggested incoming file to copy after review.
priority_lsms_isa_webgpt_download_control_rows,10,Download-required waves in the direct-read Web GPT control manifest.
priority_lsms_isa_webgpt_download_expected_full_files,838,Expected official file rows in the Web GPT download control manifest.
priority_lsms_isa_webgpt_download_expected_core_files,323,Expected core-file rows exported for direct review.
priority_lsms_isa_webgpt_download_browser_manual_rows,10,Web GPT control rows still requiring browser/manual World Bank terms acceptance.
priority_lsms_isa_country_wave_packet_rows,19,Refocused LSMS/ISA country-wave promotion packets built.
priority_lsms_isa_country_wave_packet_failed_gates,306,Refocused LSMS/ISA packet gates still blocking promotion.
priority_lsms_isa_country_wave_packet_analysis_ready_rows,1,Refocused LSMS/ISA packets currently approved for promoted data writes.
priority_archive_preflight_targets,156,Priority file targets checked against direct files and archive members.
priority_archive_preflight_missing_targets,156,Priority file targets still missing after direct/archive member preflight.
priority_manual_verification_dataset_rows,13,Priority waves evaluated by the manual verification decision gate.
priority_manual_verification_requirement_rows,104,Requirement rows evaluated by the manual verification decision gate.
priority_manual_verification_concept_rows,169,Concept rows evaluated by the manual verification decision gate.
priority_manual_verification_variable_rows,1214,Variable rows evaluated by the manual verification decision gate.
priority_manual_verification_financial_ready_countries,0,Countries passing financial-protection manual verification.
priority_manual_verification_double_failure_ready_waves,0,Country-waves passing double-failure manual verification.
priority_manual_verification_analysis_ready_candidates,0,Country-waves ready for harmonization-recipe review after manual verification.
priority_raw_receipt_original_file_rows,0,"Original package/documentation files counted in priority receipt folders, excluding generated handoffs."
priority_raw_receipt_priority_targets_missing,156,Priority target modules still missing from original package/archive receipt coverage.
priority_raw_receipt_missing_package_rows,13,Priority datasets with no original raw package/tabular receipt yet.
priority_raw_receipt_complete_package_candidates,0,Priority datasets with original package receipt candidates ready for downstream schema/manual audits.
priority_official_download_full_file_rows,965,Full official metadata file rows available for credentialed package acquisition checks.
priority_official_download_documentation_links,100,Official metadata/documentation/access workflow links in the download dossier.
priority_official_download_no_original_package_rows,13,Download dossiers still blocked because no original raw package is present.
priority_public_documentation_dataset_rows,13,Priority datasets with public documentation receipt rows.
priority_public_documentation_resource_rows,78,Priority public documentation resources attempted or reused.
priority_public_documentation_saved_rows,76,Priority public documentation resources saved or reused locally.
priority_public_documentation_core_complete_dataset_rows,13,Priority datasets with complete core public documentation receipts.
priority_official_metadata_candidate_variable_rows,1214,Priority candidate variables checked against official DDI/XML metadata.
priority_official_metadata_variable_file_match_rows,1198,Priority candidate variables with both DDI variable and file evidence.
priority_official_metadata_no_match_rows,16,Priority candidate variables not matched in parsed official DDI metadata.
priority_official_metadata_variables_with_categories,717,Priority candidate variables with official category/value-label evidence.
priority_credentialed_acquisition_dataset_rows,13,Priority datasets with credentialed raw-acquisition instructions.
priority_credentialed_acquisition_full_file_rows,965,Official metadata file rows in the credentialed acquisition manifest.
priority_credentialed_acquisition_core_file_rows,156,Priority core file rows to confirm after official raw download.
priority_credentialed_acquisition_targets_missing_before_download,156,Priority target modules still missing before credentialed download.
priority_endpoint_matrix_endpoint_rows,104,Official endpoint probes across priority and backup datasets.
priority_endpoint_matrix_variable_api_dataset_rows,12,Datasets with a public variable metadata API endpoint.
priority_endpoint_matrix_raw_download_candidate_rows,0,Raw download candidate endpoints detected by the official endpoint matrix.
priority_endpoint_matrix_credentialed_download_required_rows,13,Datasets still requiring credentialed raw download.
priority_core_file_endpoint_core_file_rows,156,Priority core file rows covered by the file endpoint matrix.
priority_core_file_endpoint_probed_download_rows,624,File-level download route probes for priority core files.
priority_core_file_endpoint_raw_candidate_rows,0,Potential public raw file candidates detected by the core-file endpoint matrix.
priority_core_file_endpoint_credentialed_download_required_rows,13,Datasets still requiring credentialed raw package acquisition after file-level route probes.
priority_threshold_campaign_phase1_10_wave_rows,10,Core campaign rows for the 10 country-wave double-failure threshold.
priority_threshold_campaign_phase2_sixth_country_backup_rows,3,Backup-country rows retained for the sixth financial-protection country threshold.
priority_threshold_campaign_minimum_download_rows_for_formal_thresholds,11,Minimum raw downloads needed if every selected wave verifies.
priority_threshold_campaign_recommended_download_rows,13,Recommended raw downloads including backup countries to reduce threshold failure risk.
priority_first_pass_dataset_rows,13,Priority and backup country-waves covered by the first-pass review queue.
priority_first_pass_requirement_rows,104,Requirement coverage rows in the first-pass variable review queue.
priority_first_pass_selected_variable_rows,465,Selected metadata candidate variables queued for first-pass raw-value review after download.
priority_first_pass_raw_package_received_rows,0,First-pass queue datasets with complete or target-covered original raw package receipt.
priority_first_pass_ready_after_download_rows,0,Selected variable rows ready for immediate first-pass raw-value review.
priority_download_execution_packet_rows,13,Manual credentialed download execution packet rows.
priority_download_execution_core_file_rows,156,Core file acceptance rows carried into the download execution packet.
priority_download_execution_first_pass_variable_rows,465,First-pass selected variable rows carried into the download execution packet.
priority_download_execution_raw_package_received_rows,0,Download execution packet datasets with original raw package receipt.
priority_lsms_alignment_current_campaign_rows,13,Current priority/backup campaign rows audited for LSMS/ISA family alignment.
priority_lsms_alignment_off_family_core_wave_rows,2,Core priority waves that should be replaced or augmented before manual download execution.
priority_lsms_alignment_strong_replacement_candidate_rows,15,Strong Malawi/Uganda LSMS/ISA replacement candidates found in the screening inventory.
priority_lsms_alignment_campaign_decision,needs_core_wave_replacement_before_manual_download_execution,Family-alignment campaign decision before credentialed downloads.
priority_lsms_refocused_wave_plan_rows,13,Selected wave-plan rows after replacing off-family core waves.
priority_lsms_refocused_core_lsms_aligned_rows,10,Refocused core rows aligned with LSMS/ISA or LSMS-style survey families.
priority_lsms_refocused_acquisition_queue_rows,19,Refocused selected and backup manual acquisition targets.
priority_lsms_refocused_requirement_rows,152,Requirement rows for refocused selected and backup targets.
priority_lsms_refocused_data_write_status,blocked_no_promoted_rows,Promoted-data write status for the refocused queue.
priority_lsms_raw_intake_dataset_rows,19,Refocused LSMS/ISA targets covered by raw-package intake ledger.
priority_lsms_raw_intake_original_file_rows,1,Non-generated original package/documentation candidates found in target folders.
priority_lsms_raw_intake_missing_package_rows,18,Refocused targets with no original package files yet.
priority_lsms_raw_intake_blocked_requirement_rows,152,Raw-package acceptance requirements still blocked.
priority_lsms_raw_intake_data_write_status,blocked_no_promoted_rows,Promoted-data write status for the raw intake packet.
priority_lsms_archive_preflight_dataset_rows,19,Refocused targets covered by archive/direct-file preflight.
priority_lsms_archive_preflight_direct_file_rows,1,Direct non-generated original files detected by archive preflight.
priority_lsms_archive_preflight_archive_member_rows,52,Readable archive member rows detected without extraction.
priority_lsms_archive_preflight_blocked_dataset_rows,18,Refocused targets still blocked before schema/manual raw review.
priority_lsms_archive_preflight_blocked_requirement_rows,144,Archive preflight requirement rows still blocked.
priority_lsms_archive_preflight_data_write_status,blocked_no_promoted_rows,Promoted-data write status for archive preflight.
priority_synthesis_blueprint_schema_rows,572,Target output-column rows for promoted household-climate dataset synthesis.
priority_synthesis_blueprint_blocked_required_rows,325,Required promoted-dataset output columns still blocked.
priority_synthesis_blueprint_join_ready_rows,0,Priority country-waves ready for promoted dataset build joins.
priority_country_wave_packet_rows,13,Priority country-wave promotion packets built.
priority_country_wave_packet_passed_gate_rows,52,Priority packet gates currently passing.
priority_country_wave_packet_failed_gate_rows,130,Priority packet gates still blocking promotion.
priority_country_wave_packet_official_metadata_ready_rows,13,Priority packets with official DDI/XML metadata evidence extracted.
priority_country_wave_packet_endpoint_matrix_ready_rows,13,Priority packets with official endpoint matrix completed.
priority_country_wave_packet_credentialed_acquisition_ready_rows,13,Priority packets with credentialed raw acquisition ledger prepared.
priority_country_wave_packet_analysis_ready_rows,0,Priority packets ready for promoted data writes.
analysis_dataset_promotion_audit_rows,6,Analysis dataset promotion targets checked.
analysis_dataset_promotion_blocked_rows,2,Promotion targets blocked from data/.
analysis_dataset_promotion_promoted_rows,4,Promotion targets allowed for data/ writes; limited core/outcome/exposure/linked diagnostic files are allowed while model-ready data remain blocked.
analysis_dataset_promotion_data_file_count,4,Files currently present under data/.
analysis_dataset_promotion_verified_recipe_candidates,0,Verified recipe candidates carried into the promotion-barrier audit.
analysis_dataset_promotion_ready_country_waves,0,Ready country-waves carried into the promotion-barrier audit.
analysis_dataset_promotion_alb2002_temp_core_rows,3599,ALB_2002 temp core rows carried into the promotion-barrier audit.
analysis_dataset_promotion_alb2002_weight_positive_rows,3599,ALB_2002 positive household-weight rows carried into the promotion-barrier audit.
analysis_dataset_promotion_alb2002_weight_key_match_rows,3599,ALB_2002 weight-file key matches carried into the promotion-barrier audit.
analysis_dataset_promotion_alb2002_weighted_inference_ready_rows,0,ALB_2002 rows ready for promoted weighted inference; should remain zero.
analysis_dataset_promotion_alb2002_harmonized_ready_rows,0,ALB_2002 harmonized rows ready for promotion; should remain zero.
analysis_dataset_promotion_alb2002_outcome_ready_rows,0,ALB_2002 outcome rows ready for promotion; should remain zero.
analysis_dataset_promotion_alb2002_climate_linkage_ready_rows,0,ALB_2002 climate-linkage rows ready for promotion; should remain zero.
analysis_dataset_promotion_limited_harmonized_core_rows,3599,Rows written to data/harmonized_household.csv under limited scope.
analysis_dataset_promotion_limited_harmonized_core_data_write_ready_rows,3599,Rows allowed for data/ write only as limited harmonized household core.
analysis_dataset_promotion_limited_harmonized_core_final_outcome_ready_rows,0,Rows ready for final outcomes; should remain zero.
analysis_dataset_promotion_limited_harmonized_core_climate_linkage_ready_rows,0,Rows ready for climate linkage; should remain zero.
analysis_dataset_promotion_limited_financial_outcome_rows,3599,Rows written to data/household_outcomes.csv under limited CHE-only scope.
analysis_dataset_promotion_limited_financial_outcome_data_write_ready_rows,3599,Rows allowed for data/ write only as limited CHE10/CHE25 outcomes.
analysis_dataset_promotion_limited_financial_outcome_che10_rows,824,Limited CHE10 outcome rows.
analysis_dataset_promotion_limited_financial_outcome_che25_rows,290,Limited CHE25 outcome rows.
analysis_dataset_promotion_limited_financial_outcome_sdg382_ready_rows,0,Rows ready for SDG 3.8.2; should remain zero.
analysis_dataset_promotion_limited_financial_outcome_access_ready_rows,0,Rows ready for access outcomes; should remain zero.
analysis_dataset_promotion_limited_financial_outcome_composite_ready_rows,0,Rows ready for composite outcomes; should remain zero.
analysis_dataset_promotion_limited_financial_outcome_climate_linkage_ready_rows,0,Rows ready for climate linkage; should remain zero.
analysis_dataset_promotion_limited_climate_exposure_rows,384,Rows written to data/climate_exposures_nasa_power.csv under limited fallback scope.
analysis_dataset_promotion_limited_climate_exposure_data_write_ready_rows,384,Rows allowed for data/ write only as limited fallback climate exposures.
analysis_dataset_promotion_limited_climate_exposure_climate_linkage_ready_rows,0,Rows ready for final climate linkage; should remain zero.
analysis_dataset_promotion_limited_climate_linked_rows,14396,Rows written to data/climate_linked_household.csv under limited diagnostic scope.
analysis_dataset_promotion_limited_climate_linked_data_write_ready_rows,14396,Rows allowed for data/ write only as a limited linked diagnostic.
analysis_dataset_promotion_limited_climate_linked_descriptive_ready_rows,0,Limited linked rows ready for descriptive diagnostics; should remain zero.
analysis_dataset_promotion_limited_climate_linked_predictive_ml_ready_rows,0,Limited linked rows ready for predictive ML; should remain zero.
analysis_dataset_promotion_limited_climate_linked_reduced_form_ready_rows,0,Limited linked rows ready for reduced-form estimation; should remain zero.
analysis_dataset_promotion_limited_climate_linked_robustness_ready_rows,0,Limited linked rows ready for robustness checks; should remain zero.
analysis_dataset_promotion_limited_climate_linked_analysis_ready_rows,0,Limited linked rows ready for final analysis; should remain zero.
analysis_dataset_promotion_current_decision,limited_core_financial_outcomes_climate_exposures_and_linked_diagnostics_promoted_models_still_blocked,Current fail-closed analysis dataset promotion decision.
alb2002_harmonized_household_core_rows,3599,Rows in the limited ALB_2002 harmonized household core.
alb2002_harmonized_household_core_final_outcome_ready_rows,0,Limited-core rows ready for final outcomes; should remain zero.
alb2002_harmonized_household_core_climate_linkage_ready_rows,0,Limited-core rows ready for climate linkage; should remain zero.
alb2002_limited_financial_outcome_rows,3599,Rows in the limited ALB_2002 CHE-only outcome file.
alb2002_limited_financial_outcome_che10_rows,824,Limited CHE10 rows.
alb2002_limited_financial_outcome_che25_rows,290,Limited CHE25 rows.
alb2002_limited_financial_outcome_climate_linkage_ready_rows,0,Limited-outcome rows ready for climate linkage; should remain zero.
alb2002_limited_climate_exposure_rows,384,Rows in the limited ALB_2002 NASA POWER exposure file.
alb2002_limited_climate_exposure_climate_linkage_ready_rows,0,Limited-exposure rows ready for final climate linkage; should remain zero.
alb2002_limited_climate_linked_rows,14396,Rows in the limited ALB_2002 climate-linked diagnostic file.
alb2002_limited_climate_linked_household_rows,3599,Households in the limited climate-linked diagnostic file.
alb2002_limited_climate_linked_window_rows,4,Exposure windows per household in the limited linked file.
alb2002_limited_climate_linked_final_analysis_ready_rows,0,Limited linked rows ready for final analysis; should remain zero.
design_scorecard_rows,38,Rows in result/design_scorecard.csv after the current fail-closed refresh.
design_scorecard_current_rows,3,Current-state design rows appended to the broad metadata scorecard.
design_no_go_threshold_rows,8,Current design no-go threshold rows.
design_scorecard_data_write_ready_rows,0,Rows allowed for data/ write by the design scorecard; should remain zero.
design_scorecard_current_decision,fail_closed_design_scorecard_currently_no_go_for_estimation_or_policy_learning,Current fail-closed design scorecard decision.
alb2002_promotion_gate_delta_rows,10,ALB_2002 promotion gate delta rows.
alb2002_promotion_gate_delta_hard_blocked_rows,4,ALB_2002 hard-blocked promotion gates.
alb2002_promotion_gate_delta_data_write_ready_rows,0,Rows allowed for data/ write by the ALB_2002 promotion delta audit; should remain zero.
alb2002_promotion_gate_delta_decision,partial_gate_delta_documented_keep_data_empty_until_outcome_sdg_geography_gates_pass,Current ALB_2002 promotion-gate delta decision.
alb2002_boundary_blocker_resolution_rows,11,ALB_2002 boundary blocker resolution rows.
alb2002_boundary_blocker_candidate_name_coverage_rows,3,Public boundary leads with complete candidate name coverage but no promotion.
alb2002_boundary_blocker_climate_linkage_ready_rows,0,Rows ready for ALB_2002 boundary climate-linkage promotion; should remain zero.
alb2002_boundary_blocker_current_decision,blocked_no_alb2002_boundary_source_ready_for_climate_linkage,Current consolidated ALB_2002 boundary-source decision.
alb2002_outcome_blocker_resolution_rows,12,ALB_2002 outcome blocker resolution rows.
alb2002_outcome_blocker_candidate_not_promoted_rows,11,Candidate ALB_2002 outcome rows with evidence but no final promotion.
alb2002_outcome_blocker_outcome_ready_rows,0,Rows ready for final ALB_2002 outcome promotion; should remain zero.
alb2002_outcome_blocker_current_decision,blocked_no_alb2002_outcome_ready_for_promotion,Current consolidated ALB_2002 outcome promotion decision.
alb2012_timing_geography_blocker_resolution_rows,10,ALB_2012 fallback blocker rows.
alb2012_timing_geography_blocker_hard_blocked_rows,10,ALB_2012 rows hard-blocked from fallback promotion.
alb2012_timing_geography_blocker_climate_linkage_ready_rows,0,Rows ready for ALB_2012 climate-linkage fallback; should remain zero.
alb2012_timing_geography_blocker_current_decision,blocked_alb2012_no_timing_geography_fallback_ready,Current consolidated ALB_2012 fallback decision.
alb2005_fallback_blocker_resolution_rows,12,ALB_2005 fallback blocker rows.
alb2005_fallback_blocker_hard_blocked_rows,12,ALB_2005 rows hard-blocked from fallback promotion.
alb2005_fallback_blocker_harmonized_ready_rows,0,Rows ready for ALB_2005 harmonized-data fallback; should remain zero.
alb2005_fallback_blocker_outcome_ready_rows,0,Rows ready for ALB_2005 outcome fallback; should remain zero.
alb2005_fallback_blocker_interview_timing_ready_rows,0,Rows with verified ALB_2005 fallback interview timing; should remain zero.
alb2005_fallback_blocker_geography_ready_rows,0,Rows with promoted ALB_2005 fallback geography; should remain zero.
alb2005_fallback_blocker_climate_linkage_ready_rows,0,Rows ready for ALB_2005 climate-linkage fallback; should remain zero.
alb2005_fallback_blocker_data_write_ready_rows,0,Rows allowed for ALB_2005 fallback data/ writes; should remain zero.
alb2005_fallback_blocker_current_decision,blocked_alb2005_no_fallback_ready,Current consolidated ALB_2005 fallback decision.
alb2008_fallback_blocker_resolution_rows,10,ALB_2008 fallback blocker rows.
alb2008_fallback_blocker_hard_blocked_rows,10,ALB_2008 rows hard-blocked from fallback promotion.
alb2008_fallback_blocker_interview_timing_ready_rows,0,Rows with verified ALB_2008 fallback interview timing; should remain zero.
alb2008_fallback_blocker_geography_ready_rows,0,Rows with promoted ALB_2008 fallback geography; should remain zero.
alb2008_fallback_blocker_outcome_ready_rows,0,Rows ready for ALB_2008 outcome fallback; should remain zero.
alb2008_fallback_blocker_climate_linkage_ready_rows,0,Rows ready for ALB_2008 climate-linkage fallback; should remain zero.
alb2008_fallback_blocker_data_write_ready_rows,0,Rows allowed for ALB_2008 fallback data/ writes; should remain zero.
alb2008_fallback_blocker_current_decision,blocked_alb2008_no_timing_geography_fallback_ready,Current consolidated ALB_2008 fallback decision.
no_go_pass_rows,2,Pre-specified no-go rows passing.
no_go_blocked_rows,6,Pre-specified no-go rows blocked or failing.
alb2002_household_core_recipe_ready_rows,0,ALB_2002 household core rows ready for data promotion.
alb2002_weight_design_positive_weight_rows,3599,ALB_2002 readable positive household-weight rows.
alb2002_weight_design_candidate_key_match_rows,3599,ALB_2002 readable weight-file key matches to the temp core.
alb2002_weight_design_weighted_inference_ready_rows,0,ALB_2002 rows ready for promoted weighted inference; should remain zero.
alb2002_che_candidate_household_rows,3599,ALB_2002 temp-only household CHE candidate rows.
alb2002_che_candidate_che10_rows,824,ALB_2002 candidate CHE10 rows under the period-aligned combined OOP policy.
alb2002_che_candidate_che10_weighted_rate,0.23666,ALB_2002 candidate weighted CHE10 rate; audit only.
alb2002_che_candidate_che25_rows,290,ALB_2002 candidate CHE25 rows under the period-aligned combined OOP policy.
alb2002_che_candidate_che25_weighted_rate,0.0859036,ALB_2002 candidate weighted CHE25 rate; audit only.
alb2002_che_candidate_outcome_promotion_ready_rows,0,ALB_2002 candidate outcome rows ready for final promotion; should remain zero.
alb2002_access_candidate_household_rows,3599,ALB_2002 temp-only household access candidate rows.
alb2002_access_candidate_composite_any_rows,1861,ALB_2002 temp-only composite any-access-barrier rows.
alb2002_access_candidate_composite_any_weighted_rate,0.528953,ALB_2002 candidate weighted composite any-access-barrier rate; audit only.
alb2002_access_candidate_outcome_promotion_ready_rows,0,ALB_2002 access candidate rows ready for final promotion; should remain zero.
alb2002_uhc_composite_candidate_household_rows,3599,ALB_2002 temp-only composite UHC candidate rows.
alb2002_uhc_composite_candidate_che10_or_access_rows,2004,ALB_2002 temp-only CHE10-or-access candidate rows.
alb2002_uhc_composite_candidate_che10_or_access_weighted_rate,0.570531,ALB_2002 candidate weighted CHE10-or-access rate; audit only.
alb2002_uhc_composite_candidate_che25_or_access_rows,1889,ALB_2002 temp-only CHE25-or-access candidate rows.
alb2002_uhc_composite_candidate_outcome_promotion_ready_rows,0,ALB_2002 composite UHC candidate rows ready for final promotion; should remain zero.
alb2002_analysis_candidate_rows,3599,ALB_2002 temp-only joined analysis-candidate household rows.
alb2002_analysis_candidate_complete_candidate_gates,9,"ALB_2002 candidate field families with complete observed coverage, still not promoted."
alb2002_analysis_candidate_missing_gates,1,ALB_2002 candidate field families with missing required coverage.
alb2002_analysis_candidate_harmonized_ready_rows,0,ALB_2002 analysis-candidate rows ready for harmonized data promotion; should remain zero.
alb2002_analysis_candidate_data_write_ready_rows,0,ALB_2002 analysis-candidate rows allowed to be written to data/; should remain zero.
alb2002_climate_centroid_input_rows,96,ALB_2002 observed district-month cells used for the temp-only climate centroid stress test.
alb2002_climate_centroid_exposure_rows,384,ALB_2002 temp-only NASA POWER centroid exposure rows.
alb2002_climate_centroid_nasa_api_rows,36,ALB_2002 district centroid API/cache manifest rows.
alb2002_climate_centroid_nasa_failed_rows,0,ALB_2002 NASA POWER district centroid requests that failed.
alb2002_climate_centroid_climate_linkage_ready_rows,0,ALB_2002 centroid exposure rows ready for promoted climate linkage; should remain zero.
alb2002_climate_centroid_data_write_ready_rows,0,ALB_2002 centroid exposure rows allowed for data/ write; should remain zero.
alb2002_climate_shock_candidate_exposure_rows,384,ALB_2002 temp-only climate shock diagnostic rows.
alb2002_climate_shock_candidate_reference_group_rows,16,ALB_2002 survey-month/window diagnostic reference groups.
alb2002_climate_shock_candidate_precip_z_nonmissing_rows,384,ALB_2002 diagnostic rainfall z-score rows.
alb2002_climate_shock_candidate_temp_z_nonmissing_rows,384,ALB_2002 diagnostic temperature z-score rows.
alb2002_climate_shock_candidate_combined_stress_rows,73,ALB_2002 diagnostic combined climate-stress rows; not accepted treatments.
alb2002_climate_shock_candidate_climate_linkage_ready_rows,0,ALB_2002 shock diagnostic rows ready for promoted climate linkage; should remain zero.
alb2002_climate_shock_candidate_data_write_ready_rows,0,ALB_2002 shock diagnostic rows allowed for data/ write; should remain zero.
alb2002_climate_outcome_linked_candidate_rows,14396,ALB_2002 temp-only household-window climate/outcome linked candidate rows.
alb2002_climate_outcome_linked_candidate_household_rows,3599,ALB_2002 households represented in the linked candidate.
alb2002_climate_outcome_linked_candidate_window_rows,4,Diagnostic exposure windows per household in the linked candidate.
alb2002_climate_outcome_linked_candidate_unmatched_rows,0,Linked rows without diagnostic climate windows; should remain zero.
alb2002_climate_outcome_linked_candidate_combined_stress_rows,3092,ALB_2002 linked diagnostic combined climate-stress rows; not accepted treatment variables.
alb2002_climate_outcome_linked_candidate_climate_linkage_ready_rows,0,ALB_2002 linked rows ready for promoted climate linkage; should remain zero.
alb2002_climate_outcome_linked_candidate_data_write_ready_rows,0,ALB_2002 linked rows allowed for data/ write; should remain zero.
alb2002_linked_candidate_descriptive_input_rows,14396,ALB_2002 temp-only linked household-window rows screened descriptively.
alb2002_linked_candidate_descriptive_household_rows,3599,Deduplicated ALB_2002 households used for candidate outcome rates.
alb2002_linked_candidate_descriptive_cell_rows,108,Temp-only descriptive screen cell rows; not promoted descriptive diagnostics.
alb2002_linked_candidate_descriptive_combined_stress_rows,3092,Long rows with diagnostic combined climate-stress flag in the descriptive screen.
alb2002_linked_candidate_descriptive_climate_linkage_ready_rows,0,Rows ready for promoted climate linkage in the descriptive screen; should remain zero.
alb2002_linked_candidate_descriptive_data_write_ready_rows,0,Rows allowed for data/ write from the descriptive screen; should remain zero.
alb2002_provisional_outcome_ready_rows,0,ALB_2002 provisional outcome rows ready for final outcome promotion.
alb2002_outcome_semantics_outcome_ready_rows,0,ALB_2002 raw semantics rows ready for final outcome promotion.
alb2002_outcome_semantics_sdg382_ready_rows,0,ALB_2002 raw semantics rows ready for SDG 3.8.2 construction.
alb2002_health_questionnaire_semantics_rows,65,ALB_2002 questionnaire-backed health semantics and skip-path rows.
alb2002_health_questionnaire_new_lek_unit_rows,31,ALB_2002 questionnaire rows explicitly recording NEW LEKS payment units.
alb2002_health_questionnaire_four_week_oop_rows,17,ALB_2002 OOP item rows with past-four-week recall.
alb2002_health_questionnaire_twelve_month_oop_rows,8,ALB_2002 OOP item rows with past-12-month recall.
alb2002_health_questionnaire_payment_positive_when_not_triggered_rows,0,ALB_2002 skipped payment downstream rows with positive values; should remain zero.
alb2002_health_questionnaire_outcome_ready_rows,0,ALB_2002 questionnaire rows ready for final outcome promotion; should remain zero.
alb2002_health_questionnaire_sdg382_ready_rows,0,ALB_2002 questionnaire rows ready for SDG 3.8.2 construction; should remain zero.
alb2002_health_questionnaire_climate_linkage_ready_rows,0,ALB_2002 questionnaire rows ready for climate linkage; should remain zero.
alb2002_oop_aggregation_policy_rows,11,ALB_2002 OOP aggregation policy stress-test rows.
alb2002_oop_aggregation_policy_max_che10_rate,0.707697,Maximum unweighted CHE10 rate across ALB_2002 stress-test policies; not a final estimate.
alb2002_oop_aggregation_policy_max_che25_rate,0.56738,Maximum unweighted CHE25 rate across ALB_2002 stress-test policies; not a final estimate.
alb2002_oop_aggregation_policy_core_4w_match_rows,3599,ALB_2002 rows where recomputed four-week OOP matches the existing core candidate sum.
alb2002_oop_aggregation_policy_core_12m_match_rows,3599,ALB_2002 rows where recomputed 12-month OOP matches the existing core candidate sum.
alb2002_oop_aggregation_policy_outcome_ready_rows,0,ALB_2002 OOP policy rows ready for outcome promotion; should remain zero.
alb2002_oop_aggregation_policy_sdg382_ready_rows,0,ALB_2002 OOP policy rows ready for SDG 3.8.2 promotion; should remain zero.
alb2002_oop_aggregation_policy_climate_linkage_ready_rows,0,ALB_2002 OOP policy rows ready for climate linkage; should remain zero.
alb2002_skip_missing_semantics_rows,12,ALB_2002 skip/missing semantics audit rows.
alb2002_skip_missing_payment_positive_when_not_triggered_rows,0,ALB_2002 skipped payment rows with positive downstream values; should remain zero.
alb2002_skip_missing_payment_zero_cells_when_not_triggered,11,ALB_2002 skipped payment downstream cells equal zero; downstream decision audit records no positive leakage.
alb2002_skip_missing_payment_positive_cells_when_not_triggered,0,ALB_2002 skipped payment downstream cells positive; should remain zero.
alb2002_skip_missing_outcome_ready_rows,0,ALB_2002 skip/missing rows ready for outcome promotion; should remain zero.
alb2002_skip_missing_sdg382_ready_rows,0,ALB_2002 skip/missing rows ready for SDG 3.8.2 promotion; should remain zero.
alb2002_skip_missing_climate_linkage_ready_rows,0,ALB_2002 skip/missing rows ready for climate linkage; should remain zero.
alb2002_oop_skip_value_decision_rows,5,ALB_2002 OOP skip-value decision audit rows.
alb2002_oop_skip_value_payment_zero_skipped_cells,11,ALB_2002 zero-valued downstream payment cells when payment block was not triggered.
alb2002_oop_skip_value_payment_positive_skipped_rows,0,ALB_2002 rows with positive downstream payment values when payment block was not triggered; should remain zero.
alb2002_oop_skip_value_payment_positive_skipped_cells,0,ALB_2002 positive downstream payment cells when payment block was not triggered; should remain zero.
alb2002_oop_skip_value_zero_skip_policy_ready_rows,4,ALB_2002 rows supporting the narrow no-positive-leakage skipped-payment decision.
alb2002_oop_skip_value_oop_recall_scope_ready_rows,0,ALB_2002 OOP recall scope rows accepted by skip-value audit; should remain zero.
alb2002_oop_skip_value_oop_inclusion_scope_ready_rows,0,ALB_2002 OOP inclusion scope rows accepted by skip-value audit; should remain zero.
alb2002_oop_skip_value_outcome_ready_rows,0,ALB_2002 OOP skip-value rows ready for outcome promotion; should remain zero.
alb2002_access_need_denominator_policy_rows,24,ALB_2002 access/need denominator policy audit rows.
alb2002_access_need_q01_need_rows,3247,ALB_2002 households not coded as no-one-needed-health-care in m5b_q01.
alb2002_access_need_person_need_household_rows,2202,ALB_2002 households with any Health A chronic/disability or sudden-illness proxy.
alb2002_access_need_composite_any_access_barrier_rows,1861,ALB_2002 composite any-access-barrier candidate rows; not a final outcome.
alb2002_access_need_low_event_rate_rows,3,ALB_2002 access/need policies with event rate below 3 percent.
alb2002_access_need_outcome_ready_rows,0,ALB_2002 access/need rows ready for outcome promotion; should remain zero.
alb2002_access_need_climate_linkage_ready_rows,0,ALB_2002 access/need rows ready for climate linkage; should remain zero.
alb2002_consumption_sdg_denominator_policy_rows,14,ALB_2002 consumption/SDG denominator policy audit rows.
alb2002_consumption_sdg_positive_total_consumption_rows,3599,ALB_2002 rows with positive total consumption in the temp candidate.
alb2002_consumption_sdg_che10_4w_unreviewed_rate,0.173937,Diagnostic ALB_2002 CHE10 rate using unreviewed four-week OOP; not a final outcome.
alb2002_consumption_sdg_che25_12m_unreviewed_rate,0.165046,Diagnostic ALB_2002 CHE25 rate using unreviewed 12-month OOP; not a final outcome.
alb2002_consumption_sdg_spl_ready_rows,0,ALB_2002 rows with SPL inputs accepted; should remain zero.
alb2002_consumption_sdg_ppp_cpi_ready_rows,0,ALB_2002 rows with PPP/CPI inputs accepted; should remain zero.
alb2002_consumption_sdg_discretionary_budget_ready_rows,0,ALB_2002 rows with discretionary-budget construction accepted; should remain zero.
alb2002_consumption_sdg_outcome_ready_rows,0,ALB_2002 consumption/SDG rows ready for outcome promotion; should remain zero.
alb2002_consumption_sdg_sdg382_ready_rows,0,ALB_2002 rows ready for SDG 3.8.2 construction; should remain zero.
alb2002_consumption_sdg_climate_linkage_ready_rows,0,ALB_2002 consumption/SDG rows ready for climate linkage; should remain zero.
alb2002_consumption_construction_source_audit_rows,9,ALB_2002 public consumption-construction source audit rows.
alb2002_consumption_construction_do_file_rows,19,Extracted public ALB_2002 Stata do-files documenting consumption construction.
alb2002_consumption_construction_documentation_ready_rows,9,ALB_2002 source-audit rows with accepted public construction documentation.
alb2002_consumption_construction_released_variable_mapping_ready_rows,3,ALB_2002 source-audit rows supporting local `totcons` to public `totcons3` mapping.
alb2002_consumption_construction_denominator_variant_ready_rows,8,ALB_2002 source-audit rows documenting the final total-budget denominator variant.
alb2002_consumption_construction_outcome_ready_rows,0,ALB_2002 source-audit rows ready for outcome promotion; should remain zero.
alb2002_consumption_construction_sdg382_ready_rows,0,ALB_2002 source-audit rows ready for SDG 3.8.2 promotion; should remain zero.
alb2002_consumption_construction_climate_linkage_ready_rows,0,ALB_2002 source-audit rows ready for climate linkage; should remain zero.
alb2002_consumption_aggregate_crosswalk_rows,11,ALB_2002 consumption aggregate metadata/local evidence crosswalk rows.
alb2002_consumption_aggregate_crosswalk_metadata_catalog_rows,0,Local master metadata rows available for ALB_2002 aggregate verification; public source evidence now sits in the construction-source audit instead.
alb2002_consumption_aggregate_crosswalk_candidate_totcons_match_rows,3599,ALB_2002 candidate total_consumption rows exactly matching raw `totcons`.
alb2002_consumption_aggregate_crosswalk_construction_source_rows,9,Rows imported from the upstream ALB_2002 public consumption-construction source audit.
alb2002_consumption_aggregate_crosswalk_construction_do_file_rows,19,Extracted public Stata do-files used as ALB_2002 denominator-construction evidence.
alb2002_consumption_aggregate_crosswalk_official_documentation_ready_rows,9,ALB_2002 rows with accepted public aggregate-construction documentation.
alb2002_consumption_aggregate_crosswalk_released_variable_mapping_ready_rows,3,ALB_2002 rows supporting the local `totcons` to public `totcons3` mapping.
alb2002_consumption_aggregate_crosswalk_denominator_variant_ready_rows,8,ALB_2002 rows documenting the total-budget denominator variant.
alb2002_consumption_aggregate_crosswalk_sdg382_ready_rows,0,ALB_2002 aggregate crosswalk rows ready for SDG 3.8.2 promotion; should remain zero.
alb2002_period_aligned_che_policy_rows,3,ALB_2002 period-aligned CHE stress-test policy rows.
alb2002_period_aligned_che_period_alignment_ready_rows,3,"ALB_2002 period-aligned CHE rows ready for stress testing, not outcome promotion."
alb2002_period_aligned_che_combined_che10_rate,0.228952,Combined monthly-equivalent unweighted CHE10 rate for ALB_2002 no-gifts-with-transport stress test.
alb2002_period_aligned_che_combined_che25_rate,0.0805779,Combined monthly-equivalent unweighted CHE25 rate for ALB_2002 no-gifts-with-transport stress test.
alb2002_period_aligned_che_outcome_ready_rows,0,ALB_2002 period-aligned CHE rows promoted to final outcomes; should remain zero.
alb2002_period_aligned_che_current_decision,blocked_alb2002_period_aligned_che_policy_not_outcome_ready,Current ALB_2002 period-aligned CHE policy decision.
alb2002_minimum_recipe_promotion_action_rows,6,ALB_2002 minimum recipe promotion action rows.
alb2002_minimum_recipe_promotion_gate_rows,10,ALB_2002 minimum recipe promotion gate rows.
alb2002_minimum_recipe_promotion_blocked_gates,7,ALB_2002 minimum recipe gates still blocked.
alb2002_minimum_recipe_promotion_harmonized_ready_rows,0,ALB_2002 rows ready for harmonized data promotion; should remain zero.
alb2002_minimum_recipe_promotion_outcome_ready_rows,0,ALB_2002 rows ready for outcome promotion; should remain zero.
alb2002_minimum_recipe_promotion_sdg382_ready_rows,0,ALB_2002 rows ready for SDG 3.8.2 promotion; should remain zero.
alb2002_minimum_recipe_promotion_climate_linkage_ready_rows,0,ALB_2002 rows ready for climate linkage after minimum recipe gates; should remain zero.
alb2002_climate_linkage_ready_rows,0,ALB_2002 district crosswalk rows ready for climate linkage.
alb2002_boundary_name_match_unmatched_survey_rows,1,ALB_2002 survey district rows unmatched to public current boundary names.
alb2002_boundary_name_match_duplicate_boundary_name_keys,2,Duplicate public current boundary-name keys in the ALB_2002 boundary audit.
alb2002_boundary_name_match_historical_year_ready_rows,0,ALB_2002 boundary-name rows ready for 2002 historical boundary validation.
alb2002_boundary_name_match_climate_linkage_ready_rows,0,ALB_2002 boundary-name rows ready for climate-linkage promotion.
alb2002_boundary_resource_search_complete_name_coverage_rows,1,ALB_2002 boundary resources with complete district-name coverage after documented repairs.
alb2002_boundary_resource_search_exact_unit_count_rows,1,ALB_2002 boundary resources whose feature and distinct-key counts match the 36 district groups.
alb2002_boundary_resource_search_2002_historical_ready_rows,0,ALB_2002 boundary resources verified as 2002 historical inputs.
alb2002_boundary_resource_search_climate_linkage_ready_rows,0,ALB_2002 boundary resources ready for climate-linkage promotion.
alb2002_boundary_geometry_feature_rows,36,Features parsed in the best ALB_2002 boundary lead.
alb2002_boundary_geometry_metadata_boundary_year,2013,Boundary year reported by the candidate boundary metadata.
alb2002_boundary_geometry_boundary_year_matches_2002_rows,0,Candidate geometry rows whose metadata verifies a 2002 boundary vintage.
alb2002_boundary_geometry_historical_2002_boundary_ready_rows,0,Geometry/provenance rows ready as verified 2002 boundary inputs.
alb2002_boundary_geometry_climate_linkage_ready_rows,0,Geometry/provenance rows ready for climate-linkage promotion.
alb2002_boundary_manual_verification_action_rows,7,Manual source/action rows for resolving ALB_2002 boundary verification.
alb2002_boundary_manual_verification_gate_rows,9,Manual boundary promotion-gate checklist rows.
alb2002_boundary_manual_verification_blocked_gates,6,Manual boundary verification gates still blocked.
alb2002_boundary_manual_verification_pre2011_digital_map_absence_rows,1,Negative-evidence rows documenting pre-2011 national digital map absence.
alb2002_boundary_manual_verification_climate_linkage_ready_rows,0,Manual verification packet rows ready for climate-linkage promotion.
alb2002_boundary_manual_source_followup_rows,7,Manual-source follow-up rows for ALB_2002 boundary leads.
alb2002_boundary_manual_source_followup_conclusive_blocker_rows,7,ALB_2002 source leads with documented blockers after follow-up.
alb2002_boundary_manual_source_followup_district_level_ready_rows,0,ALB_2002 source leads verified as district-level-ready after follow-up.
alb2002_boundary_manual_source_followup_climate_linkage_ready_rows,0,ALB_2002 source leads ready for climate-linkage promotion after follow-up.
alb2002_boundary_manual_source_followup_unece_pre2011_map_status,blocked_pre2011_digital_boundary_source_absence_documented,UNECE/INSTAT pre-2011 national digital map availability blocker status.
alb2002_gadm_boundary_lead_candidate_rows,2,GADM Albania ADM2 source candidates audited for ALB_2002 boundary linkage.
alb2002_gadm36_adm2_row_count,37,GADM 3.6 Albania ADM2 feature rows.
alb2002_gadm36_distinct_normalized_key_count,36,GADM 3.6 normalized district keys after documented name repairs.
alb2002_gadm36_complete_name_coverage_rows,1,Whether GADM 3.6 covers all ALB_2002 district keys by normalized name.
alb2002_gadm36_duplicate_boundary_key_count,1,Duplicated GADM 3.6 normalized district keys that block automatic promotion.
alb2002_gadm_boundary_lead_climate_linkage_ready_rows,0,GADM boundary lead rows ready for ALB_2002 climate-linkage promotion; should remain zero.
alb2012_household_core_recipe_ready_rows,0,ALB_2012 household core rows ready for data promotion.
alb2012_climate_linkage_ready_rows,0,ALB_2012 rows ready for climate linkage.
alb2012_provisional_outcome_ready_rows,0,ALB_2012 provisional outcome rows ready for final outcome promotion.
alb2012_outcome_semantics_outcome_ready_rows,0,ALB_2012 raw semantics rows ready for final outcome promotion.
alb2012_outcome_semantics_sdg382_ready_rows,0,ALB_2012 raw semantics rows ready for SDG 3.8.2 construction.
alb2012_outcome_semantics_climate_linkage_ready_rows,0,ALB_2012 raw semantics rows ready for climate linkage.
alb2012_timing_geography_climate_linkage_ready_rows,0,ALB_2012 timing/geography rows ready for climate linkage.
alb2012_questionnaire_timing_field_rows,29,ALB_2012 questionnaire timing/control field rows.
alb2012_questionnaire_timing_raw_verified_interview_timing_rows,0,ALB_2012 raw household interview timing rows verified after questionnaire review.
alb2012_questionnaire_timing_climate_linkage_ready_rows,0,ALB_2012 questionnaire timing rows ready for climate linkage.
albania_legacy_questionnaire_present_files,5,ALB_2002/2005/2008 legacy questionnaire files present locally.
albania_legacy_questionnaire_read_ok_files,5,Legacy questionnaire files readable in the current environment.
albania_legacy_questionnaire_climate_linkage_ready_rows,0,Legacy questionnaire rows ready for climate linkage.
albania_legacy_questionnaire_timing_field_rows,83,Legacy questionnaire timing/control field rows.
albania_legacy_questionnaire_timing_raw_verified_interview_timing_rows,3599,Verified raw household interview timing rows across legacy Albania waves.
albania_legacy_questionnaire_timing_climate_linkage_ready_rows,0,Legacy questionnaire timing rows ready for climate linkage.
alb2005_recipe_ready_rows,0,ALB_2005 documented review rows ready for recipe promotion.
alb2005_household_core_recipe_ready_rows,0,ALB_2005 household core rows ready for data promotion.
alb2005_provisional_outcome_ready_rows,0,ALB_2005 provisional outcome rows ready for final outcome promotion.
alb2005_outcome_semantics_outcome_ready_rows,0,ALB_2005 raw semantics rows ready for final outcome promotion.
alb2005_outcome_semantics_sdg382_ready_rows,0,ALB_2005 raw semantics rows ready for SDG 3.8.2 construction.
alb2005_outcome_semantics_climate_linkage_ready_rows,0,ALB_2005 raw semantics rows ready for climate linkage.
alb2005_climate_linkage_ready_rows,0,ALB_2005 timing/geography rows ready for climate linkage.
alb2005_timing_geography_source_search_rows,11,ALB_2005 timing/geography source-search audit rows.
alb2005_timing_geography_source_search_local_files_scanned,46,Local ALB_2005 file rows scanned for timing/geography source evidence.
alb2005_timing_geography_source_search_local_variables_scanned,1187,Local ALB_2005 raw-variable rows scanned for timing/geography source evidence.
alb2005_timing_geography_source_search_verified_household_timing_rows,0,Verified ALB_2005 household interview timing rows in source-search evidence.
alb2005_timing_geography_source_search_coordinate_candidate_rows,0,ALB_2005 coordinate/GPS candidate rows in source-search evidence.
alb2005_timing_geography_source_search_climate_linkage_ready_rows,0,ALB_2005 timing/geography source-search rows ready for climate linkage; should remain zero.
alb2005_harmonization_value_decision_recipe_ready_rows,0,ALB_2005 value-decision rows ready for recipe promotion.
alb2005_harmonization_value_decision_required_blocked_rows,16,ALB_2005 required value-decision rows still blocked.
alb2005_required_value_key_rows,26,ALB_2005 required value/key audit rows.
alb2005_required_value_key_recipe_ready_rows,0,ALB_2005 required value/key rows ready for recipe promotion.
alb2005_required_value_key_climate_linkage_ready_rows,0,ALB_2005 required value/key rows ready for climate linkage.
alb2005_health_questionnaire_semantics_rows,58,ALB_2005 health questionnaire semantics audit rows.
alb2005_health_questionnaire_oop_item_rows,36,ALB_2005 questionnaire-backed OOP item rows.
alb2005_health_questionnaire_recipe_ready_rows,0,ALB_2005 questionnaire-semantics rows ready for recipe promotion.
alb2005_health_questionnaire_outcome_ready_rows,0,ALB_2005 questionnaire-semantics rows ready for outcome construction.
alb2005_health_questionnaire_climate_linkage_ready_rows,0,ALB_2005 questionnaire-semantics rows ready for climate linkage.
alb2005_oop_aggregation_policy_rows,11,ALB_2005 OOP aggregation policy stress-test rows.
alb2005_oop_aggregation_policy_total_consumption_rows,3638,ALB_2005 stress-test rows with positive total-consumption denominator.
alb2005_oop_aggregation_policy_outcome_ready_rows,0,ALB_2005 OOP policy rows ready for final outcome promotion.
alb2005_oop_aggregation_policy_recipe_ready_rows,0,ALB_2005 OOP policy rows ready for recipe promotion.
alb2005_oop_aggregation_policy_climate_linkage_ready_rows,0,ALB_2005 OOP policy rows ready for climate linkage.
alb2005_skip_missing_semantics_rows,13,ALB_2005 skip/missing semantics audit rows.
alb2005_skip_missing_payment_nonmissing_when_not_triggered_rows,0,Payment downstream nonmissing rows when trigger is negative.
alb2005_skip_missing_payment_zero_or_missing_when_triggered_rows,326,Triggered payment rows with no positive payment.
alb2005_skip_missing_recipe_ready_rows,0,ALB_2005 skip/missing rows ready for recipe promotion.
alb2005_skip_missing_outcome_ready_rows,0,ALB_2005 skip/missing rows ready for outcome promotion.
alb2005_skip_missing_climate_linkage_ready_rows,0,ALB_2005 skip/missing rows ready for climate linkage.
alb2005_consumption_aggregate_crosswalk_rows,16,ALB_2005 aggregate metadata/local raw crosswalk audit rows.
alb2005_consumption_aggregate_crosswalk_metadata_present_local_rows,1,Public metadata aggregate/component variables present locally.
alb2005_consumption_aggregate_crosswalk_metadata_absent_local_rows,8,Public metadata aggregate/component variables absent locally.
alb2005_consumption_aggregate_crosswalk_totcons_positive_rows,3638,Positive local totcons rows in the crosswalk audit.
alb2005_consumption_aggregate_crosswalk_totcons05_local_rows,0,Local totcons05 rows in poverty.sav; should remain zero in current extract.
alb2005_consumption_aggregate_crosswalk_component_formula_reconstructable_rows,0,Whether checked public aggregate formula components are locally reconstructable; should remain zero.
alb2005_consumption_aggregate_crosswalk_sdg382_ready_rows,0,ALB_2005 aggregate crosswalk rows ready for SDG 3.8.2 construction; should remain zero.
alb2005_consumption_aggregate_crosswalk_recipe_ready_rows,0,ALB_2005 aggregate crosswalk rows ready for recipe promotion; should remain zero.
alb2005_consumption_aggregate_crosswalk_outcome_ready_rows,0,ALB_2005 aggregate crosswalk rows ready for outcome promotion; should remain zero.
alb2005_consumption_aggregate_crosswalk_climate_linkage_ready_rows,0,ALB_2005 aggregate crosswalk rows ready for climate linkage; should remain zero.
alb2005_consumption_component_source_search_rows,37,ALB_2005 consumption component source-search audit rows.
alb2005_consumption_component_source_search_exact_target_variables_found,1,Public metadata target variables found exactly in local raw schema.
alb2005_consumption_component_source_search_exact_target_variables_missing,8,Public metadata target variables missing from local raw schema.
alb2005_consumption_component_source_search_construction_code_files_found,0,Local source-code-like files found under the ALB_2005 extract.
alb2005_consumption_component_source_search_construction_code_targets_found,0,Target variables with local construction-code text hits.
alb2005_consumption_component_source_search_sdg382_ready_rows,0,ALB_2005 source-search rows ready for SDG 3.8.2 construction; should remain zero.
alb2005_consumption_component_source_search_recipe_ready_rows,0,ALB_2005 source-search rows ready for recipe promotion; should remain zero.
alb2005_consumption_component_source_search_outcome_ready_rows,0,ALB_2005 source-search rows ready for outcome promotion; should remain zero.
alb2005_consumption_component_source_search_climate_linkage_ready_rows,0,ALB_2005 source-search rows ready for climate linkage; should remain zero.
alb2005_minimum_recipe_promotion_action_rows,6,ALB_2005 minimum recipe promotion action rows.
alb2005_minimum_recipe_promotion_gate_rows,10,ALB_2005 minimum recipe promotion gate rows.
alb2005_minimum_recipe_promotion_blocked_gates,8,ALB_2005 minimum recipe gates still blocked.
alb2005_minimum_recipe_promotion_harmonized_ready_rows,0,ALB_2005 rows ready for harmonized data promotion; should remain zero.
alb2005_minimum_recipe_promotion_climate_linkage_ready_rows,0,ALB_2005 rows ready for climate linkage after minimum recipe gates; should remain zero.
alb2005_public_fieldwork_geo_metadata_evidence_rows,10,ALB_2005 public fieldwork/geography metadata evidence rows.
alb2005_public_fieldwork_geo_metadata_verified_source_rows,10,ALB_2005 public fieldwork/geography metadata rows with source snippets verified.
alb2005_public_fieldwork_geo_metadata_source_missing_rows,0,ALB_2005 public fieldwork/geography metadata rows with missing source evidence; should remain zero.
alb2005_public_fieldwork_geo_metadata_household_timing_verified_rows,0,ALB_2005 household timing rows verified after public metadata audit; should remain zero.
alb2005_public_fieldwork_geo_metadata_raw_coordinate_value_rows,0,ALB_2005 raw coordinate rows verified after public metadata audit; should remain zero.
alb2005_public_fieldwork_geo_metadata_climate_linkage_ready_rows,0,ALB_2005 climate-linkage rows ready after public metadata audit; should remain zero.
alb2005_diary_timing_candidate_audit_rows,11,ALB_2005 bookmetadata diary timing candidate rows.
alb2005_diary_timing_candidate_metadata_found_rows,11,ALB_2005 diary timing candidates found in metadata catalog and DDI.
alb2005_diary_timing_candidate_raw_bookmetadata_files_present,0,Raw bookmetadata files present under temp/raw_downloads; should remain zero in current metadata-only state.
alb2005_diary_timing_candidate_date_candidate_rows,6,Diary beginning/finishing date candidate variables with nonzero DDI valid counts.
alb2005_diary_timing_candidate_household_timing_promoted_rows,0,ALB_2005 household timing rows promoted after diary candidate audit; should remain zero.
alb2005_diary_timing_candidate_climate_linkage_ready_rows,0,ALB_2005 climate-linkage rows ready after diary candidate audit; should remain zero.
alb2005_extracted_module_coverage_ddi_module_rows,68,ALB_2005 DDI/schema modules checked against extracted files.
alb2005_archive_member_rows,61,Members listed directly from the local ALB_2005 archive.
alb2005_archive_sav_member_rows,44,SPSS .sav members listed directly from the local ALB_2005 archive.
alb2005_archive_ddi_module_absent_rows,27,ALB_2005 DDI/schema modules absent from the local archive manifest.
alb2005_archive_critical_module_absent_rows,8,"Critical ALB_2005 timing, food-diary, and design DDI modules absent from the local archive manifest."
alb2005_archive_listing_status,tar_listing_available,Whether the local ALB_2005 archive member list was readable.
alb2005_extracted_module_coverage_present_rows,41,ALB_2005 DDI modules present in extracted files.
alb2005_extracted_module_coverage_missing_rows,27,ALB_2005 DDI modules missing from extracted files.
alb2005_extracted_module_coverage_bookmetadata_missing_rows,1,ALB_2005 bookmetadata_cl missing rows.
alb2005_extracted_module_coverage_critical_missing_rows,8,ALB_2005 critical missing timing/food-diary/design modules.
alb2005_extracted_module_coverage_coordinate_metadata_variable_rows,0,ALB_2005 coordinate/GPS metadata variable rows.
alb2005_extracted_module_coverage_coordinate_extracted_file_rows,0,ALB_2005 coordinate/GPS extracted file rows.
alb2005_extracted_module_coverage_climate_linkage_ready_rows,0,ALB_2005 climate-linkage rows ready after extracted-module audit; should remain zero.
albania_first_analysis_promotion_wave_rows,4,Local Albania raw waves compared for first analysis promotion.
albania_first_analysis_promotion_gate_rows,40,First-analysis promotion gate rows.
albania_first_analysis_promotion_blocked_gate_rows,19,First-analysis promotion gates still blocked.
albania_first_analysis_promotion_ready_wave_rows,0,Albania waves ready for first analytical-sample promotion; should remain zero.
albania_first_analysis_promotion_top_ranked_idno,ALB_2002_LSMS_v01_M,Top-ranked local Albania wave for next manual evidence work.
albania_first_analysis_promotion_current_decision,blocked_no_albania_wave_ready_for_first_analysis_promotion,Current first-analysis promotion decision.
albania_existing_raw_wave_harmonization_ready_rows,0,Existing Albania raw waves ready for harmonized data promotion.
albania_existing_raw_wave_climate_linkage_ready_rows,0,Existing Albania raw waves ready for climate-linkage input promotion.
alb2008_household_core_recipe_ready_rows,0,ALB_2008 household core rows ready for data promotion.
alb2008_provisional_outcome_ready_rows,0,ALB_2008 provisional outcome rows ready for final outcome promotion.
alb2008_outcome_semantics_outcome_ready_rows,0,ALB_2008 raw semantics rows ready for final outcome promotion.
alb2008_outcome_semantics_sdg382_ready_rows,0,ALB_2008 raw semantics rows ready for SDG 3.8.2 construction.
alb2008_outcome_semantics_climate_linkage_ready_rows,0,ALB_2008 raw semantics rows ready for climate linkage.
alb2008_climate_linkage_ready_rows,0,ALB_2008 timing/geography rows ready for climate linkage.
bundle_section_artifact_manifest,1,Direct-read bundle section count.
bundle_section_climate_outcome_gate,50,Direct-read bundle section count.
bundle_section_coverage,5,Direct-read bundle section count.
bundle_section_design_gate,4,Direct-read bundle section count.
bundle_section_go_no_go,1,Direct-read bundle section count.
bundle_section_go_no_go_rule,8,Direct-read bundle section count.
bundle_section_priority_bundle,89,Direct-read bundle section count.
bundle_section_raw_access_gate,5,Direct-read bundle section count.
bundle_section_raw_acquisition_gate,1,Direct-read bundle section count.
bundle_section_raw_verification_gate,22,Direct-read bundle section count.
bundle_section_readiness,6,Direct-read bundle section count.
bundle_section_state,3,Direct-read bundle section count.
bundle_section_traceability,3,Direct-read bundle section count.
bundle_status_acquisition_to_promotion_handoff_current_raw_acquisition_blocked,1,Direct-read bundle status count.
bundle_status_all_download_required_waves_need_browser_manual_terms_acceptance,1,Direct-read bundle status count.
bundle_status_archive_preflight_needs_review,1,Direct-read bundle status count.
bundle_status_available,2,Direct-read bundle status count.
bundle_status_blocked_alb2002_access_candidate_not_promoted_due_denominator_skip_climate_gates,1,Direct-read bundle status count.
bundle_status_blocked_alb2002_access_need_denominator_policy_not_outcome_ready,1,Direct-read bundle status count.
bundle_status_blocked_alb2002_analysis_candidate_not_promoted_due_recipe_outcome_climate_gates,1,Direct-read bundle status count.
bundle_status_blocked_alb2002_boundary_resource_search_no_historical_climate_ready_source,1,Direct-read bundle status count.
bundle_status_blocked_alb2002_che_candidate_not_promoted_due_recipe_sdg_climate_gates,1,Direct-read bundle status count.
bundle_status_blocked_alb2002_climate_centroid_exposures_not_promoted_due_boundary_vintage_source_and_baseline_gates,1,Direct-read bundle status count.
bundle_status_blocked_alb2002_climate_outcome_linked_candidate_not_promoted_due_recipe_outcome_geography_source_baseline_gates,1,Direct-read bundle status count.
bundle_status_blocked_alb2002_climate_shock_candidate_not_promoted_due_geography_baseline_primary_source_gates,1,Direct-read bundle status count.
bundle_status_blocked_alb2002_consumption_sdg_denominator_policy_not_sdg_ready,1,Direct-read bundle status count.
bundle_status_blocked_alb2002_linked_candidate_descriptive_screen_not_promoted_due_unpromoted_inputs,1,Direct-read bundle status count.
bundle_status_blocked_alb2002_minimum_recipe_not_ready_for_promotion,1,Direct-read bundle status count.
bundle_status_blocked_alb2002_oop_aggregation_policy_stress_test_not_outcome_ready,1,Direct-read bundle status count.
bundle_status_blocked_alb2002_period_aligned_che_policy_not_outcome_ready,1,Direct-read bundle status count.
bundle_status_blocked_alb2002_questionnaire_semantics_seen_but_outcome_not_ready,1,Direct-read bundle status count.
bundle_status_blocked_alb2002_skip_missing_semantics_seen_but_recipe_not_ready,1,Direct-read bundle status count.
bundle_status_blocked_alb2002_uhc_composite_candidate_not_promoted_due_outcome_recipe_climate_gates,1,Direct-read bundle status count.
bundle_status_blocked_alb2002_weight_design_semantics_not_promotion_ready,1,Direct-read bundle status count.
bundle_status_blocked_alb2005_consumption_aggregate_metadata_crosswalk_not_ready,1,Direct-read bundle status count.
bundle_status_blocked_alb2005_consumption_component_source_search_not_ready,1,Direct-read bundle status count.
bundle_status_blocked_alb2005_consumption_oop_unit_period_not_ready,1,Direct-read bundle status count.
bundle_status_blocked_alb2005_minimum_recipe_not_ready_for_promotion,1,Direct-read bundle status count.
bundle_status_blocked_alb2005_no_fallback_ready,1,Direct-read bundle status count.
bundle_status_blocked_alb2005_oop_aggregation_policy_stress_test_not_outcome_ready,1,Direct-read bundle status count.
bundle_status_blocked_alb2005_questionnaire_semantics_seen_but_recipe_not_ready,1,Direct-read bundle status count.
bundle_status_blocked_alb2005_required_values_seen_but_recipe_not_ready,1,Direct-read bundle status count.
bundle_status_blocked_alb2005_skip_missing_semantics_seen_but_recipe_not_ready,1,Direct-read bundle status count.
bundle_status_blocked_alb2005_timing_geography_source_search_not_ready,1,Direct-read bundle status count.
bundle_status_blocked_alb2008_no_timing_geography_fallback_ready,1,Direct-read bundle status count.
bundle_status_blocked_alb2012_no_timing_geography_fallback_ready,1,Direct-read bundle status count.
bundle_status_blocked_boundary_crosswalk_not_verified_no_gps,1,Direct-read bundle status count.
bundle_status_blocked_current_boundary_name_match_incomplete_historical_crosswalk_no_gps,1,Direct-read bundle status count.
bundle_status_blocked_diary_timing_metadata_candidate_no_raw_merge_semantics,1,Direct-read bundle status count.
bundle_status_blocked_extracted_package_missing_bookmetadata_and_coordinate_values,1,Direct-read bundle status count.
bundle_status_blocked_fail_closed,1,Direct-read bundle status count.
bundle_status_blocked_followup_confirms_no_public_2002_district_boundary_source,1,Direct-read bundle status count.
bundle_status_blocked_gadm_boundary_lead_no_verified_2002_historical_provenance,1,Direct-read bundle status count.
bundle_status_blocked_geoboundaries_2_0_1_boundary_year_2013_not_verified_2002,1,Direct-read bundle status count.
bundle_status_blocked_legacy_questionnaire_form_design_not_sufficient_for_climate_linkage,1,Direct-read bundle status count.
bundle_status_blocked_manual_boundary_verification_required_before_alb2002_climate_linkage,1,Direct-read bundle status count.
bundle_status_blocked_manual_verification_incomplete,1,Direct-read bundle status count.
bundle_status_blocked_missing_interview_timing_coarse_geography_no_gps,1,Direct-read bundle status count.
bundle_status_blocked_missing_interview_timing_coarse_prefecture_region_no_gps,1,Direct-read bundle status count.
bundle_status_blocked_missing_interview_timing_partial_geography_no_gps,1,Direct-read bundle status count.
bundle_status_blocked_no_alb2002_boundary_source_ready_for_climate_linkage,1,Direct-read bundle status count.
bundle_status_blocked_no_alb2002_outcome_ready_for_promotion,1,Direct-read bundle status count.
bundle_status_blocked_no_albania_wave_ready_for_first_analysis_promotion,1,Direct-read bundle status count.
bundle_status_blocked_no_public_2002_district_boundary_source_verified,1,Direct-read bundle status count.
bundle_status_blocked_no_raw_or_archive_file,1,Direct-read bundle status count.
bundle_status_blocked_official_access_required_no_original_package,1,Direct-read bundle status count.
bundle_status_blocked_outcome_semantics_units_recall_skip_patterns_unreviewed,1,Direct-read bundle status count.
bundle_status_blocked_public_metadata_not_household_climate_linkage_ready,1,Direct-read bundle status count.
bundle_status_blocked_questionnaire_gps_fields_not_present_as_raw_coordinate_artifacts,1,Direct-read bundle status count.
bundle_status_blocked_questionnaire_timing_fields_not_in_raw_household_values,1,Direct-read bundle status count.
bundle_status_blocked_raw_files_absent,1,Direct-read bundle status count.
bundle_status_blocked_raw_microdata,14,Direct-read bundle status count.
bundle_status_blocked_raw_timing_geography_not_verified,1,Direct-read bundle status count.
bundle_status_blocked_required_schema_columns_not_verified,1,Direct-read bundle status count.
bundle_status_blocked_timing_geography_outcome_semantics_units_recall_skip_patterns,3,Direct-read bundle status count.
bundle_status_browser_download_starter_ready_for_manual_terms_acceptance,1,Direct-read bundle status count.
bundle_status_browser_manual_terms_acceptance_required,1,Direct-read bundle status count.
bundle_status_complete,4,Direct-read bundle status count.
bundle_status_core_public_documentation_saved_raw_gate_still_blocked,1,Direct-read bundle status count.
bundle_status_core_wave_replacement_needed_before_download_execution,1,Direct-read bundle status count.
bundle_status_credentialed_download_handoff_waiting_for_session,1,Direct-read bundle status count.
bundle_status_credentialed_download_required_no_public_raw_route,1,Direct-read bundle status count.
bundle_status_credentialed_fetch_command_packet_current_missing_session_material,1,Direct-read bundle status count.
bundle_status_credentialed_workbench_needs_review,1,Direct-read bundle status count.
bundle_status_dataset_scope_locked_6_countries_11_waves_10_downloads_required,1,Direct-read bundle status count.
bundle_status_documented_alb2002_consumption_aggregate_but_not_outcome_sdg_climate_ready,2,Direct-read bundle status count.
bundle_status_documented_alb2002_oop_skipped_values_zero_only_but_oop_policy_not_ready,1,Direct-read bundle status count.
bundle_status_download_acceptance_matrix_current,1,Direct-read bundle status count.
bundle_status_download_execution_ready_raw_missing,1,Direct-read bundle status count.
bundle_status_fail_closed_design_scorecard_currently_no_go_for_estimation_or_policy_learning,1,Direct-read bundle status count.
bundle_status_file_level_routes_confirmed_non_public_raw,1,Direct-read bundle status count.
bundle_status_first_canary_download_runbook_current_raw_missing,1,Direct-read bundle status count.
bundle_status_first_pass_queue_ready_raw_missing,1,Direct-read bundle status count.
bundle_status_harmonization_value_audit_required,1,Direct-read bundle status count.
bundle_status_incoming_router_ready,1,Direct-read bundle status count.
bundle_status_incomplete,1,Direct-read bundle status count.
bundle_status_legacy_questionnaires_readable_content_audit_required,1,Direct-read bundle status count.
bundle_status_limited_che10_che25_financial_outcomes_promoted_sdg_access_climate_still_blocked,1,Direct-read bundle status count.
bundle_status_limited_che_outcome_nasa_admin2_climate_linked_promoted_models_still_blocked,1,Direct-read bundle status count.
bundle_status_limited_core_financial_outcomes_climate_exposures_and_linked_diagnostics_promoted_models_still_blocked,1,Direct-read bundle status count.
bundle_status_limited_harmonized_household_core_promoted_outcome_climate_still_blocked,1,Direct-read bundle status count.
bundle_status_limited_nasa_admin2_centroid_climate_exposures_promoted_linkage_still_blocked,1,Direct-read bundle status count.
bundle_status_local_raw_presence_current_only_mwi2004_registry_raw,1,Direct-read bundle status count.
bundle_status_local_stray_raw_locator_current,1,Direct-read bundle status count.
bundle_status_local_target_readmes_current,1,Direct-read bundle status count.
bundle_status_manual_download_execution_board_current,1,Direct-read bundle status count.
bundle_status_manual_download_packets_current,1,Direct-read bundle status count.
bundle_status_manual_download_progress_current,1,Direct-read bundle status count.
bundle_status_manual_download_required,1,Direct-read bundle status count.
bundle_status_manual_raw_download_required,10,Direct-read bundle status count.
bundle_status_manual_raw_package_required,1,Direct-read bundle status count.
bundle_status_manual_review_required,1,Direct-read bundle status count.
bundle_status_metadata_only_requires_raw_verification,4,Direct-read bundle status count.
bundle_status_metadata_variable_candidates_ready_raw_review_required,1,Direct-read bundle status count.
bundle_status_minimum_batch_climate_linkage_review_current,1,Direct-read bundle status count.
bundle_status_minimum_batch_intake_needs_review,1,Direct-read bundle status count.
bundle_status_minimum_batch_raw_package_actions_ready,1,Direct-read bundle status count.
bundle_status_minimum_batch_raw_value_queue_current,1,Direct-read bundle status count.
bundle_status_minimum_batch_unlock_board_current_all_raw_files_absent,1,Direct-read bundle status count.
bundle_status_mwi2004_acceptance_decisions_fail_closed,1,Direct-read bundle status count.
bundle_status_mwi2004_access_cost_barrier_verified_with_documented_exclusions,1,Direct-read bundle status count.
bundle_status_mwi2004_che10_che25_financial_inputs_verified_sdg_blocked,1,Direct-read bundle status count.
bundle_status_mwi2004_chirps_admin2_extraction_validated,1,Direct-read bundle status count.
bundle_status_mwi2004_chirps_admin2_route_design_ready_extraction_pending,1,Direct-read bundle status count.
bundle_status_mwi2004_health_access_label_skip_blockers_identified,1,Direct-read bundle status count.
bundle_status_mwi2004_health_access_policy_ready_fail_closed,1,Direct-read bundle status count.
bundle_status_mwi2004_health_exceptions_unresolved,1,Direct-read bundle status count.
bundle_status_mwi2004_missing_units_recall_skip_verified,1,Direct-read bundle status count.
bundle_status_mwi2004_promoted_household_climate_dataset_ready,1,Direct-read bundle status count.
bundle_status_mwi2004_raw_backed_evidence_ready_not_final_verified,1,Direct-read bundle status count.
bundle_status_mwi2004_sdg382_candidate_classification_precheck_current_gate_closed,1,Direct-read bundle status count.
bundle_status_mwi2004_sdg382_external_parameters_captured_bridge_unaccepted,1,Direct-read bundle status count.
bundle_status_mwi2004_sdg382_internal_inputs_ready_external_parameters_blocked,1,Direct-read bundle status count.
bundle_status_mwi2004_sdg382_official_denominator_rule_accepted_spl_bridge_blocked,1,Direct-read bundle status count.
bundle_status_mwi2004_timing_admin_ea_verified_climate_route_blocked,1,Direct-read bundle status count.
bundle_status_not_available,1,Direct-read bundle status count.
bundle_status_not_final_outcomes_outcome_semantics_climate_crosswalk_blocked,1,Direct-read bundle status count.
bundle_status_not_final_outcomes_timing_geography_recall_blocked,2,Direct-read bundle status count.
bundle_status_not_final_outcomes_timing_geography_recall_semantics_blocked,1,Direct-read bundle status count.
bundle_status_not_ready_for_verified_recipe,1,Direct-read bundle status count.
bundle_status_not_received_no_original_raw_package,1,Direct-read bundle status count.
bundle_status_official_file_receipt_needs_review,1,Direct-read bundle status count.
bundle_status_official_metadata_evidence_present_raw_gate_still_blocked,1,Direct-read bundle status count.
bundle_status_open_registry_has_promoted_rows,1,Direct-read bundle status count.
bundle_status_packet_candidates_ready_for_data_write,1,Direct-read bundle status count.
bundle_status_partial_gate_delta_documented_keep_data_empty_until_outcome_sdg_geography_gates_pass,1,Direct-read bundle status count.
bundle_status_pass,2,Direct-read bundle status count.
bundle_status_post_download_validation_dry_run_current,1,Direct-read bundle status count.
bundle_status_present_raw_waves_require_wave_specific_schema_value_key_timing_audits,1,Direct-read bundle status count.
bundle_status_promotion_gate_dashboard_current,1,Direct-read bundle status count.
bundle_status_public_documentation_complete_raw_still_blocked,1,Direct-read bundle status count.
bundle_status_public_metadata_only_raw_gate_confirmed,1,Direct-read bundle status count.
bundle_status_raw_archives_available_requires_value_verification,1,Direct-read bundle status count.
bundle_status_raw_package_intake_needs_review,1,Direct-read bundle status count.
bundle_status_raw_schema_claims_only_no_analysis_dataset_claims,1,Direct-read bundle status count.
bundle_status_raw_schema_inspected_harmonization_pending,1,Direct-read bundle status count.
bundle_status_raw_value_summary_available_manual_review_required,1,Direct-read bundle status count.
bundle_status_ready,1,Direct-read bundle status count.
bundle_status_ready_for_credentialed_manual_download,1,Direct-read bundle status count.
bundle_status_receipt_checklist_needs_review,1,Direct-read bundle status count.
bundle_status_received_raw_schema_ready_for_manual_value_review,1,Direct-read bundle status count.
bundle_status_received_raw_semantics_review_ready_for_manual_value_review,1,Direct-read bundle status count.
bundle_status_received_raw_value_profile_ready_for_manual_value_review,1,Direct-read bundle status count.
bundle_status_refocused_manual_download_queue_ready_raw_missing,1,Direct-read bundle status count.
bundle_status_resource_download_routes_no_public_raw_payload,1,Direct-read bundle status count.
bundle_status_target_folder_receipt_smoke_current,1,Direct-read bundle status count.
bundle_status_temp_candidate_no_interview_timing_coarse_geography_outcome_semantics_pending,1,Direct-read bundle status count.
bundle_status_temp_candidate_not_analysis_ready,2,Direct-read bundle status count.
bundle_status_temp_candidate_timing_geography_observed_outcome_semantics_pending,1,Direct-read bundle status count.
bundle_status_threshold_campaign_ready_raw_missing,1,Direct-read bundle status count.
bundle_status_threshold_gap_control_panel_current,1,Direct-read bundle status count.
bundle_status_threshold_replacement_plan_current,1,Direct-read bundle status count.
bundle_status_threshold_sequence_needs_review,1,Direct-read bundle status count.
bundle_status_waiting_for_incoming_packages,1,Direct-read bundle status count.
bundle_status_workbook_needs_review,1,Direct-read bundle status count.
bundle_status_worldbank_session_bootstrap_current_missing_session_material,1,Direct-read bundle status count.
