section,item,status,value,evidence_artifacts,interpretation
state,allowed_claim_boundary,raw_schema_claims_only_no_analysis_dataset_claims,raw_file_inventory_rows=209; raw_variable_catalog_rows=5410,report/final_report.md;result/empirical_readiness_dashboard.csv,"The workspace can support raw schema and variable-label claims for inspected files only; it still cannot support harmonized-data, outcome, climate-linkage, model, mechanism, causal, or policy-value claims."
state,raw_microdata_gate,raw_schema_inspected_harmonization_pending,raw_file_inventory_rows=209; raw_variable_catalog_rows=5410,temp/raw_schema_inventory/raw_file_inventory.csv;temp/raw_schema_inventory/raw_variable_catalog.csv,"Raw files have been schema-inspected, but harmonization still requires verified raw values, units, recall periods, missing codes, and merge keys."
state,analysis_ready_data,not_available,data_files=1; csv_rows=0,data,"No clean analysis-ready household, outcome, climate-exposure, or climate-linked dataset is available."
coverage,source_inventory,complete,141,temp/source_inventory.csv,Official/public source inventory rows.
coverage,country_wave_screening,complete,1088,temp/country_wave_screening.csv,Broad country-wave screening rows before final sample selection.
coverage,manual_download_manifest,complete,37,temp/manual_download_manifest.csv,"Raw-data sources requiring login, terms acceptance, or manual download."
coverage,first_batch_raw_acquisition,manual_download_required,datasets=10; countries=7; file_targets=183,temp/first_batch_raw_acquisition_checklist.csv;temp/first_batch_raw_file_targets.csv;result/first_batch_raw_acquisition_summary.csv;report/first_batch_raw_acquisition_checklist.md,Smallest current manual download batch for testing the 6-country financial-protection and 10-wave double-failure gates.
raw_acquisition_gate,first_batch_current_raw_files,blocked_raw_microdata,raw_tabular=0; archives=1,result/first_batch_raw_acquisition_summary.csv,First-batch folders currently contain no raw tabular/archive evidence sufficient to start raw schema inspection.
raw_access_gate,first_batch_official_raw_access_probe,manual_review_required,probe_rows=10; access_gate_rows=10; possible_direct_rows=0,temp/first_batch_official_raw_access_probe.csv;result/first_batch_official_raw_access_summary.csv;report/first_batch_official_raw_access_probe.md,"Official get-microdata page probe; does not download raw files or bypass login, registration, request, or terms gates."
priority_bundle,priority_raw_intake_gate,manual_raw_package_required,gate_rows=13; priority_10_rows=10; backup_rows=3; file_targets=156; manual_blocked=13; schema_ready=0; handoffs=13,temp/priority_raw_intake_gate.csv;temp/priority_raw_file_targets.csv;result/priority_raw_intake_gate_summary.csv;report/priority_raw_intake_gate.md,Priority 10-wave and backup raw-intake gate converts the acquisition plan into per-folder handoff files and fail-closed post-download promotion checks.
priority_bundle,priority_archive_member_preflight,blocked_no_raw_or_archive_file,datasets=13; targets=156; archives=0; members=0; direct_covered=0; archive_covered=0; missing=156,temp/priority_archive_member_inventory.csv;temp/priority_archive_completeness_matrix.csv;result/priority_archive_member_preflight_summary.csv;report/priority_archive_member_preflight.md,Archive/direct-file preflight checks whether placed raw archives or tabular files cover priority modules before any raw value verification or data promotion.
priority_bundle,priority_climate_linkage_preflight,blocked_raw_timing_geography_not_verified,preflight_rows=13; priority_10_rows=10; backup_rows=3; requirements=143; source_ready=13; accepted_routes=0; handoffs=13,temp/priority_climate_linkage_preflight.csv;temp/priority_climate_linkage_requirements.csv;result/priority_climate_linkage_preflight_summary.csv;report/priority_climate_linkage_preflight.md,"Priority climate preflight keeps CHIRPS/ERA5 linkage fail-closed until raw timing/geography, geolocation quality, units, lag windows, and source validation pass."
priority_bundle,priority_raw_verification_workbook,blocked_raw_files_absent,dataset_gates=13; requirements=104; concepts=169; variables=1214; dataset_ready=0; requirements_ready=0; handoffs=13,result/priority_dataset_verification_gate.csv;temp/priority_promotion_verification_checklist.csv;temp/priority_concept_verification_template.csv;temp/priority_variable_verification_template.csv;result/priority_raw_verification_workbook_summary.csv;report/priority_raw_verification_workbook.md,"Priority raw verification workbook converts the objective's required checks into fillable dataset, requirement, concept, and variable gates; all remain fail-closed until raw evidence is placed and audited."
priority_bundle,priority_manual_verification_decision_gate,blocked_manual_verification_incomplete,datasets=13; requirements=104; concepts=169; variables=1214; requirements_verified=0; concepts_verified=0; variables_verified=0; financial_ready_countries=0; double_failure_ready_waves=0; analysis_ready=0,temp/priority_manual_verification_decision_gate.csv;temp/priority_manual_requirement_decision_audit.csv;temp/priority_manual_concept_decision_audit.csv;temp/priority_manual_variable_decision_audit.csv;result/priority_manual_verification_decision_summary.csv;report/priority_manual_verification_decision_gate.md,"Priority manual verification decision gate consumes preserved fill-field evidence from the workbook and blocks promotion until source-backed manual requirement, concept, and variable checks pass."
priority_bundle,priority_raw_package_receipt_ledger,not_received_no_original_raw_package,datasets=13; original_files=0; archives=0; raw_tabular=0; documentation=0; targets=156; covered=0; missing=156; generated_ignored=208; complete_candidates=0,temp/priority_raw_package_receipt_ledger.csv;temp/priority_raw_package_file_manifest.csv;temp/priority_raw_package_missing_targets.csv;result/priority_raw_package_receipt_summary.csv;report/priority_raw_package_receipt_ledger.md,"Priority receipt ledger ignores generated handoffs/placeholders and records only unchanged original package/documentation files, hashes, and missing target modules before downstream schema/manual verification."
priority_bundle,priority_official_download_dossier,blocked_official_access_required_no_original_package,dossiers=13; full_file_rows=965; core_rows=156; links=100; pdf=11; ddi=13; json=13; no_original_package=13; receipt_candidates=0,temp/priority_official_download_dossier.csv;temp/priority_official_full_file_inventory.csv;temp/priority_official_documentation_links.csv;result/priority_official_download_dossier_summary.csv;report/priority_official_download_dossier.md,"Official download dossier expands from the 156 core targets to the full metadata-derived file inventory and records official access, documentation, DDI, JSON, and data-dictionary links for credentialed package acquisition."
priority_bundle,priority_public_documentation_receipt,core_public_documentation_saved_raw_gate_still_blocked,datasets=13; resources=78; saved=76; failed=0; core_complete=13; full_complete=11; optional_pdf_missing=2; access_gates=13; saved_bytes=92998600,temp/priority_public_documentation_receipt.csv;temp/priority_public_documentation_dataset_receipt.csv;result/priority_public_documentation_receipt_summary.csv;report/priority_public_documentation_receipt.md,"Public documentation receipt downloads or reuses official DDI/XML, JSON, data dictionary, related-material, get-microdata, and listed PDF resources for priority waves while preserving the raw-microdata access gate."
priority_bundle,priority_official_metadata_evidence_extract,official_metadata_evidence_present_raw_gate_still_blocked,datasets=13; candidate_variables=1214; categories=4512; variable_matches=1198; file_matches=1198; no_matches=16; variables_with_categories=717; dataset_complete=3; handoffs=13; modeling_gate=blocked,temp/priority_official_metadata_variable_evidence.csv;temp/priority_official_metadata_category_evidence.csv;temp/priority_official_metadata_dataset_evidence.csv;result/priority_official_metadata_evidence_summary.csv;report/priority_official_metadata_evidence_extract.md,"Official DDI/XML metadata evidence links candidate variables to official labels, categories, counts, and file mappings for pre-review only; promotion still requires original raw packages and raw value verification."
priority_bundle,priority_credentialed_raw_acquisition_ledger,ready_for_credentialed_manual_download,datasets=13; priority_rows=10; backup_rows=3; full_files=965; core_files=156; public_docs_ready=13; metadata_ready=13; original_receipts=0; targets_missing=156; handoffs=13; modeling_gate=blocked,temp/priority_credentialed_raw_acquisition_ledger.csv;temp/priority_credentialed_raw_full_file_manifest.csv;temp/priority_credentialed_raw_core_file_checklist.csv;result/priority_credentialed_raw_acquisition_summary.csv;report/priority_credentialed_raw_acquisition_ledger.md,"Credentialed raw acquisition ledger gives the exact official get-microdata workflow, complete-package scope, target folder, full official file manifest, core-file checklist, and post-download validation commands; it does not bypass account, terms, or raw value verification gates."
priority_bundle,priority_official_endpoint_matrix,public_metadata_only_raw_gate_confirmed,datasets=13; endpoints=104; public_metadata_endpoints=52; variable_api_datasets=12; get_microdata_gate_datasets=13; raw_candidates=0; credentialed_required=13; handoffs=13; modeling_gate=blocked,temp/priority_official_endpoint_matrix.csv;temp/priority_official_endpoint_dataset_matrix.csv;result/priority_official_endpoint_matrix_summary.csv;report/priority_official_endpoint_matrix.md,Endpoint matrix probes catalog/API/metadata/get-microdata routes and confirms public routes are metadata-only while official raw package acquisition remains credentialed.
priority_bundle,priority_core_file_endpoint_matrix,file_level_routes_confirmed_non_public_raw,datasets=13; core_files=156; matrix_rows=780; metadata_refs=156; probed_download_routes=624; http_errors=312; empty_downloads=312; request_failed=0; raw_candidates=0; credentialed_required=13; handoffs=13; modeling_gate=blocked,temp/priority_core_file_endpoint_matrix.csv;temp/priority_core_file_endpoint_dataset_matrix.csv;result/priority_core_file_endpoint_matrix_summary.csv;report/priority_core_file_endpoint_matrix.md,Core-file endpoint matrix probes common file-level World Bank/NADA download route patterns for the 156 priority modules and confirms they do not expose public raw payloads; official credentialed package receipt is still required.
priority_bundle,priority_threshold_acquisition_campaign,threshold_campaign_ready_raw_missing,datasets=13; phase1_10_wave_rows=10; phase2_backup_rows=3; countries=8; core_countries=5; backup_countries=3; minimum_downloads=11; recommended_downloads=13; raw_received=0; raw_missing=13; core_endpoint_ready=13; handoffs=13; modeling_gate=blocked,temp/priority_threshold_acquisition_campaign.csv;temp/priority_threshold_country_coverage.csv;result/priority_threshold_acquisition_campaign_summary.csv;report/priority_threshold_acquisition_campaign.md,"Threshold acquisition campaign maps the 13 priority/backup waves to the actual 10-wave and 6-country modeling guardrails, showing the first 10 waves cover only five countries and at least one backup country must verify for financial protection."
priority_bundle,priority_first_pass_variable_review_queue,first_pass_queue_ready_raw_missing,datasets=13; requirements=104; selected_variables=465; countries=8; priority_waves=10; backup_waves=3; missing_requirement_coverage=0; raw_received=0; ready_after_download=0; handoffs=13; modeling_gate=blocked,temp/priority_first_pass_variable_review_queue.csv;temp/priority_first_pass_requirement_coverage.csv;result/priority_first_pass_variable_review_summary.csv;report/priority_first_pass_variable_review_queue.md,"First-pass queue compresses the large metadata candidate workbook into a per-requirement list of variables to inspect after official raw packages are received; it is review guidance, not raw-value verification."
priority_bundle,priority_download_execution_packet,download_execution_ready_raw_missing,packets=13; priority_waves=10; backup_waves=3; countries=8; core_files=156; requirements=104; first_pass_variables=465; raw_received=0; handoffs=13; modeling_gate=blocked,temp/priority_download_execution_packet.csv;temp/priority_download_file_acceptance_matrix.csv;result/priority_download_execution_packet_summary.csv;report/priority_download_execution_packet.md,"Download execution packet is the credentialed manual-acquisition control sheet: official URL, target folder, 12-file acceptance matrix, first-pass verification load, and post-download command chain per wave."
priority_bundle,priority_lsms_isa_alignment_audit,core_wave_replacement_needed_before_download_execution,campaign_rows=13; core_waves=10; aligned_core=8; off_family_core=2; strong_replacements=15; decision=needs_core_wave_replacement_before_manual_download_execution; modeling_gate=blocked,temp/priority_lsms_isa_alignment_audit.csv;temp/priority_lsms_isa_replacement_candidates.csv;result/priority_lsms_isa_alignment_summary.csv;report/priority_lsms_isa_alignment_audit.md,"LSMS/ISA alignment audit separates the usable 13-wave download execution controls from family-suitability risk, flagging Malawi MTM and Uganda SAGE as off-family core waves that should be replaced or augmented with IHS/IHPS and UNPS candidates."
priority_bundle,priority_lsms_isa_refocused_acquisition_queue,refocused_manual_download_queue_ready_raw_missing,plan_rows=13; core_waves=10; core_required_countries=5; core_lsms_aligned=10; replaced_off_family=2; queue_rows=19; backup_rows=6; requirement_rows=152; raw_received=0; data_write=blocked_no_promoted_rows; modeling_gate=blocked,result/priority_lsms_isa_refocused_wave_plan.csv;temp/priority_lsms_isa_refocused_acquisition_queue.csv;temp/priority_lsms_isa_refocused_requirement_matrix.csv;result/priority_lsms_isa_refocused_acquisition_summary.csv;report/priority_lsms_isa_refocused_acquisition_queue.md,"Refocused acquisition queue makes the corrected manual-download path explicit: replace Malawi MTM and Uganda SAGE in the core campaign with LSMS/ISA-family Malawi IHS/IHPS and Uganda UNPS targets, while retaining backup waves for raw-review failure risk."
priority_bundle,priority_lsms_isa_public_documentation_receipt,public_documentation_complete_raw_still_blocked,datasets=19; resources=133; saved=133; failed=0; core_complete=19; catalog_digest=19; file_inventory=1597; access_gates=19; data_write=blocked_no_promoted_rows; modeling_gate=blocked,temp/priority_lsms_isa_public_documentation_receipt.csv;temp/priority_lsms_isa_public_documentation_dataset_receipt.csv;temp/priority_lsms_isa_public_documentation_catalog_digest.csv;temp/priority_lsms_isa_public_documentation_file_inventory.csv;result/priority_lsms_isa_public_documentation_receipt_summary.csv;report/priority_lsms_isa_public_documentation_receipt.md,"Refocused 19-wave public documentation receipt saves official public metadata and documentation snapshots for LSMS/ISA acquisition, but raw package receipt and value verification remain required."
priority_bundle,priority_lsms_isa_variable_evidence_matrix,metadata_variable_candidates_ready_raw_review_required,datasets=19; requirements=152; candidate_variables=1531; file_shortlist=629; strong_requirements=128; docs_only=19; no_candidate=0; raw_verified=0; data_write=blocked_no_promoted_rows; modeling_gate=blocked,temp/priority_lsms_isa_variable_evidence_matrix.csv;temp/priority_lsms_isa_requirement_variable_coverage.csv;temp/priority_lsms_isa_concept_file_shortlist.csv;result/priority_lsms_isa_variable_evidence_summary.csv;report/priority_lsms_isa_variable_evidence_matrix.md,"Official public metadata variable evidence maps each refocused wave to concept-level candidate variables and files for raw review, but no raw values are accepted or promoted."
priority_bundle,priority_lsms_isa_raw_package_intake_packet,raw_package_intake_ready_no_original_files,datasets=19; manifest_rows=237; generated_handoffs=237; original_files=0; archives=0; raw_tabular=0; documentation=0; missing_packages=19; acceptance_requirements=152; blocked_requirements=152; data_write=blocked_no_promoted_rows; modeling_gate=blocked,temp/priority_lsms_isa_raw_package_intake_ledger.csv;temp/priority_lsms_isa_raw_package_file_manifest.csv;temp/priority_lsms_isa_raw_package_acceptance_matrix.csv;result/priority_lsms_isa_raw_package_intake_summary.csv;report/priority_lsms_isa_raw_package_intake_packet.md,"Raw package intake packet scans the exact refocused target folders, ignores generated markdown handoffs, and keeps every requirement blocked until a complete official raw package plus documentation is present."
priority_bundle,priority_lsms_isa_archive_member_preflight,archive_preflight_ready_no_original_files,datasets=19; direct_files=0; direct_archives=0; direct_raw=0; direct_docs=0; archive_members=0; archive_raw_members=0; archive_doc_members=0; ready_datasets=0; blocked_datasets=19; blocked_requirements=152; data_write=blocked_no_promoted_rows; modeling_gate=blocked,temp/priority_lsms_isa_archive_member_preflight.csv;temp/priority_lsms_isa_archive_member_manifest.csv;temp/priority_lsms_isa_direct_file_preflight.csv;temp/priority_lsms_isa_archive_requirement_preflight.csv;result/priority_lsms_isa_archive_member_preflight_summary.csv;report/priority_lsms_isa_archive_member_preflight.md,"Archive/direct-file preflight reads zip/tar member names where possible, without extracting or converting data, and keeps every refocused target blocked until archive/direct raw and documentation evidence exists."
priority_bundle,priority_lsms_isa_raw_value_verification_workbook,workbook_ready_blocked_no_original_files,datasets=19; requirements=152; variables=1531; files=629; handoffs=19; ready_review=0; blocked_requirements=152; raw_verified=0; data_write=blocked_no_promoted_rows; modeling_gate=blocked,temp/priority_lsms_isa_raw_value_requirement_workbook.csv;temp/priority_lsms_isa_raw_value_variable_workbook.csv;temp/priority_lsms_isa_raw_value_file_workbook.csv;result/priority_lsms_isa_raw_value_verification_workbook_summary.csv;report/priority_lsms_isa_raw_value_verification_workbook.md,"Raw value verification workbook turns official candidate variables and files into fillable requirement, variable, and file review rows; all rows remain unverified until original raw files are checked."
priority_bundle,priority_lsms_isa_raw_package_receipt_checklist,receipt_checklist_ready_no_original_files,datasets=19; requirements=152; package_received=0; complete_package_received=0; ready_review=0; blocked_no_original=19; blocked_requirements=152; handoffs=19; data_write=blocked_no_promoted_rows; modeling_gate=blocked,temp/priority_lsms_isa_raw_package_receipt_checklist.csv;temp/priority_lsms_isa_raw_package_requirement_receipt_checklist.csv;result/priority_lsms_isa_raw_package_receipt_checklist_summary.csv;report/priority_lsms_isa_raw_package_receipt_checklist.md,"Receipt checklist converts each refocused wave into a package-level and requirement-level intake control sheet: official package scope, target folder, fill fields, and post-receipt commands before raw-value review."
priority_bundle,priority_lsms_isa_credentialed_raw_acquisition_workbench,ready_for_manual_credentialed_download,datasets=19; full_files=1597; core_files=629; access_gate=19; package_received=0; targets_missing=629; handoffs=19; data_write=blocked_no_promoted_rows; modeling_gate=blocked,temp/priority_lsms_isa_credentialed_raw_acquisition_workbench.csv;temp/priority_lsms_isa_credentialed_raw_full_file_manifest.csv;temp/priority_lsms_isa_credentialed_raw_core_file_checklist.csv;result/priority_lsms_isa_credentialed_raw_acquisition_workbench_summary.csv;report/priority_lsms_isa_credentialed_raw_acquisition_workbench.md,"Credentialed raw acquisition workbench covers all 19 refocused waves with official get-microdata links, full DDI file manifests, core file confirmation rows, and post-download validation commands."
priority_bundle,priority_lsms_isa_official_file_receipt_validator,blocked_no_original_package,datasets=19; expected_files=1597; expected_matched=0; expected_missing=1597; core_files=629; core_matched=0; core_missing=629; handoffs=19; data_write=blocked_no_promoted_rows; modeling_gate=blocked,temp/priority_lsms_isa_official_file_receipt_validation.csv;temp/priority_lsms_isa_official_file_receipt_file_match.csv;temp/priority_lsms_isa_official_file_receipt_core_match.csv;result/priority_lsms_isa_official_file_receipt_validator_summary.csv;report/priority_lsms_isa_official_file_receipt_validator.md,"Official file receipt validator compares local direct files and readable archive members against official DDI file names before any schema, value, climate, or data-write gate can pass."
priority_bundle,priority_lsms_isa_threshold_download_sequence,ready_for_manual_threshold_downloads,datasets=19; countries=8; minimum_downloads=11; minimum_countries=6; recommended_downloads=13; expected_files=1597; expected_matched=0; core_files=629; core_matched=0; raw_received=0; promoted=0; modeling_gate=blocked,temp/priority_lsms_isa_threshold_download_sequence.csv;temp/priority_lsms_isa_threshold_minimum_batch.csv;temp/priority_lsms_isa_threshold_country_coverage.csv;result/priority_lsms_isa_threshold_download_sequence_summary.csv;report/priority_lsms_isa_threshold_download_sequence.md,"Threshold download sequence orders the 19-wave refocused queue into a minimum 11-download path, a recommended 13-download threshold batch, and six same-country backup waves while preserving no-data-write gates."
priority_bundle,priority_analysis_dataset_synthesis_blueprint,blocked_required_schema_columns_not_verified,schema_rows=572; required_rows=325; ready_required=0; blocked_required=325; join_rows=13; join_ready=0; candidate_variables=2703; manual_verified_variables=0,temp/priority_analysis_dataset_synthesis_blueprint.csv;temp/priority_analysis_dataset_join_plan.csv;result/priority_analysis_dataset_synthesis_blueprint_summary.csv;report/priority_analysis_dataset_synthesis_blueprint.md,"Synthesis blueprint defines the target promoted household-climate schema, source concepts, candidate variables, required joins, and fail-closed blockers before any data/ write."
priority_bundle,priority_country_wave_promotion_packets,blocked_fail_closed,packets=13; gates=182; passed_gates=52; failed_gates=130; public_docs_ready=13; metadata_ready=13; endpoint_matrix_ready=13; credentialed_acquisition_ready=13; raw_package_ready=0; financial_ready=0; access_ready=0; climate_ready=0; analysis_ready=0,temp/priority_country_wave_promotion_packet_index.csv;temp/priority_country_wave_promotion_packet_gate_matrix.csv;temp/priority_country_wave_promotion_packet_action_queue.csv;result/priority_country_wave_promotion_packet_summary.csv;report/priority_country_wave_promotion_packets.md,"Priority packets consolidate public documentation, raw receipt, manual verification, climate preflight, synthesis join, and registry write gates for each target wave."
priority_bundle,priority_lsms_isa_country_wave_promotion_packets,blocked_fail_closed,packets=19; gates=361; passed_gates=38; failed_gates=323; public_docs_ready=19; variable_evidence_ready=19; raw_package_ready=0; raw_value_verified=0; financial_ready=0; access_ready=0; climate_ready=0; analysis_ready=0,temp/priority_lsms_isa_country_wave_promotion_packet_index.csv;temp/priority_lsms_isa_country_wave_promotion_packet_gate_matrix.csv;temp/priority_lsms_isa_country_wave_promotion_packet_action_queue.csv;result/priority_lsms_isa_country_wave_promotion_packet_summary.csv;report/priority_lsms_isa_country_wave_promotion_packets.md,"Refocused 19-wave LSMS/ISA packets consolidate public documentation, variable evidence, raw intake, archive preflight, raw-value requirements, climate linkage, synthesis, and registry write gates for each target wave."
priority_bundle,promoted_data_gate,closed_no_promoted_rows,promoted_rows=0; data_before=0; data_after=0; quarantined=0,result/promoted_data_gate_summary.csv;temp/promoted_data_gate_manifest.csv;report/promoted_data_gate.md;data/README.md,Promoted data gate keeps data/ reserved for registry-approved datasets and moves pre-promotion diagnostic CSVs to temp/diagnostic_data_quarantine/current/.
raw_access_gate,public_external_raw_candidate_downloads,raw_archives_available_requires_value_verification,candidate_rows=4; downloaded_or_existing=4; datasets=4; bytes=19395105,temp/public_external_raw_candidate_downloads.csv;result/public_external_raw_candidate_download_summary.csv;report/public_external_raw_candidate_downloads.md,Direct public external raw archives downloaded from screened candidate links; archive/schema evidence still requires downstream raw value and harmonization audits.
raw_access_gate,first_batch_manual_download_handoff,manual_raw_download_required,handoff_rows=10; file_queue_rows=143; raw_file_rows=46; raw_variable_rows=1187,temp/first_batch_manual_download_handoff.csv;temp/first_batch_manual_download_file_queue.csv;result/first_batch_manual_download_handoff_summary.csv;report/first_batch_manual_download_handoff.md,"Per-dataset manual handoff tying official access-gate evidence to target folders, expected raw modules, and post-download verification commands."
raw_access_gate,first_batch_public_documentation_audit,metadata_only_requires_raw_verification,dataset_rows=10; resource_rows=60; saved_rows=58; complete_datasets=8; failed_rows=2,temp/first_batch_public_documentation_audit.csv;result/first_batch_public_documentation_summary.csv;report/first_batch_public_documentation_audit.md,"First-batch coverage audit for public catalog documentation, metadata exports, data dictionaries, PDFs, and related-material pages; still not raw microdata."
raw_access_gate,first_batch_file_source_traceability,metadata_only_requires_raw_verification,trace_rows=143; datasets=10; unsupported=0; examples_found=1431,temp/first_batch_file_source_traceability.csv;result/first_batch_file_source_traceability_summary.csv;report/first_batch_file_source_traceability.md,File-level trace from first-batch manual queue to public schema and variable metadata; confirms queue support but not raw-file availability.
raw_verification_gate,first_batch_merge_key_lineage_plan,metadata_only_requires_raw_verification,plan_rows=10; candidate_rows=5112; planned_rows=8; raw_ready_rows=1,temp/first_batch_merge_key_lineage_plan.csv;temp/first_batch_merge_key_candidate_variables.csv;result/first_batch_merge_key_lineage_summary.csv;report/first_batch_merge_key_lineage_plan.md,"Metadata-only plan for household/person keys, survey design variables, timing, geography, and file lineage; merge cardinality and raw values remain unverified."
raw_verification_gate,first_batch_raw_value_key_audit,raw_value_summary_available_manual_review_required,raw_ready=1; value_rows=535; read_ok=176; key_rows=56; promoted=0,temp/first_batch_raw_value_key_audit.csv;temp/first_batch_raw_merge_key_audit.csv;temp/first_batch_harmonization_value_audit_auto.csv;result/first_batch_raw_value_key_summary.csv;report/first_batch_raw_value_key_audit.md,"Observed raw values and file-level key cardinality were summarized for raw-ready first-batch datasets; every auto value-audit row remains ready_for_recipe=0 pending manual unit, recall-period, missing-code, skip-pattern, and merge-key review."
raw_verification_gate,alb2002_household_core_merge_audit,temp_candidate_timing_geography_observed_outcome_semantics_pending,candidate_rows=3599; consumption_rows=3599; weight_rows=3599; oop4w_positive=2541; district_rows=3599; survey_month_rows=3599; interview_date_rows=3599; recipe_ready=0,temp/alb2002_household_core_candidate.csv;temp/alb2002_household_core_merge_audit.csv;temp/alb2002_household_core_lineage.csv;result/alb2002_household_core_candidate_summary.csv;report/alb2002_household_core_merge_audit.md,"A temp-only ALB_2002 household core candidate exists for review with observed raw interview date/month and district fields, but it remains outside data/ because OOP aggregation/recall, units, access skip patterns, district climate crosswalk, and cross-wave comparability are unresolved."
raw_verification_gate,alb2002_weight_design_evidence_audit,blocked_alb2002_weight_design_semantics_not_promotion_ready,audit_rows=6; source_flags=9; raw_weight_rows=3599; positive_weights=3599; key_matches=3599; distinct_psu=450; distinct_strata=4; weighted_inference_ready=0; harmonized_ready=0,temp/alb2002_weight_design_evidence_audit.csv;result/alb2002_weight_design_evidence_summary.csv;report/alb2002_weight_design_evidence_audit.md;temp/source_snapshots/alb2002_worldbank_study_description_weight_design.html,"ALB_2002 weight/design audit verifies readable household weights and design fields, plus official study-page sampling context, but keeps weighted inference and harmonized data promotion at zero."
climate_outcome_gate,alb2002_che_candidate_outcomes,blocked_alb2002_che_candidate_not_promoted_due_recipe_sdg_climate_gates,household_rows=3599; denominator_rows=3599; che10_rows=824; che10_rate=0.228952; che25_rows=290; che25_rate=0.0805779; outcome_promotion_ready=0; climate_ready=0,temp/alb2002_che_candidate_household_outcomes.csv;temp/alb2002_che_candidate_outcome_lineage.csv;result/alb2002_che_candidate_outcome_audit.csv;result/alb2002_che_candidate_outcome_summary.csv;report/alb2002_che_candidate_outcome_audit.md,"ALB_2002 household-level CHE10/CHE25 candidate outcomes are constructed in temp for audit, but no outcome rows are promoted to data/ because recipe, SDG, benchmark, and climate-geography gates remain blocked."
climate_outcome_gate,alb2002_access_candidate_outcomes,blocked_alb2002_access_candidate_not_promoted_due_denominator_skip_climate_gates,household_rows=3599; q01_need_rows=3247; person_need_rows=2202; composite_any_rows=1861; composite_any_weighted=0.528953; composite_cost_rows=1661; outcome_promotion_ready=0; climate_ready=0,temp/alb2002_access_candidate_household_outcomes.csv;temp/alb2002_access_candidate_outcome_lineage.csv;result/alb2002_access_candidate_outcome_audit.csv;result/alb2002_access_candidate_outcome_summary.csv;report/alb2002_access_candidate_outcome_audit.md,"ALB_2002 household-level access, need, barrier, and composite candidates are constructed in temp for audit, but no access outcome rows are promoted to data/ because denominator, skip, recipe, financial-alignment, and climate-geography gates remain blocked."
climate_outcome_gate,alb2002_uhc_composite_candidate_outcomes,blocked_alb2002_uhc_composite_candidate_not_promoted_due_outcome_recipe_climate_gates,household_rows=3599; che10_or_access_rows=2004; che10_or_access_weighted=0.570531; che25_or_access_rows=1889; both_che10_access_rows=681; coping_rows=1476; outcome_promotion_ready=0; climate_ready=0,temp/alb2002_uhc_composite_candidate_outcomes.csv;temp/alb2002_uhc_composite_candidate_lineage.csv;result/alb2002_uhc_composite_candidate_audit.csv;result/alb2002_uhc_composite_candidate_summary.csv;report/alb2002_uhc_composite_candidate_audit.md,"ALB_2002 household-level UHC double-failure, financial-only, access-only, both-failure, and coping candidates are constructed in temp for audit, but no composite outcome rows are promoted to data/ because upstream financial, access, recipe, SDG, benchmark, and climate gates remain blocked."
climate_outcome_gate,alb2002_analysis_candidate_dataset,blocked_alb2002_analysis_candidate_not_promoted_due_recipe_outcome_climate_gates,candidate_rows=3599; columns=49; complete_candidate_gates=9; missing_gates=1; blocked_promotion_gates=2; harmonized_ready=0; outcome_ready=0; climate_ready=0; data_write_ready=0,temp/alb2002_analysis_candidate_dataset.csv;temp/alb2002_analysis_candidate_lineage.csv;result/alb2002_analysis_candidate_readiness_audit.csv;result/alb2002_analysis_candidate_readiness_summary.csv;report/alb2002_analysis_candidate_readiness_audit.md,"ALB_2002 household core, timing, admin geography, weights, access signals, and temp CHE candidate outcomes are joined for audit in temp, with harmonized/outcome/climate data promotion still blocked."
climate_outcome_gate,alb2002_climate_centroid_exposure_candidates,blocked_alb2002_climate_centroid_exposures_not_promoted_due_boundary_vintage_source_and_baseline_gates,input_rows=96; exposure_rows=384; districts=36; households=3599; api_rows=36; api_failed=0; precip_nonmissing=384; temp_nonmissing=384; boundary_year=2013; climate_ready=0; data_write_ready=0,temp/alb2002_climate_centroid_exposure_input.csv;temp/alb2002_climate_centroid_exposure_candidates.csv;temp/alb2002_climate_centroid_nasa_power_api_manifest.csv;result/alb2002_climate_centroid_exposure_audit.csv;result/alb2002_climate_centroid_exposure_summary.csv;report/alb2002_climate_centroid_exposure_audit.md,"ALB_2002 district-month climate summaries are computed at candidate ADM2 bounding-box centroids as a temp-only NASA POWER stress test, while primary CHIRPS/ERA5, historical baseline, and climate-linkage promotion gates remain blocked."
climate_outcome_gate,alb2002_climate_shock_candidate_diagnostics,blocked_alb2002_climate_shock_candidate_not_promoted_due_geography_baseline_primary_source_gates,shock_rows=384; source_centroid_rows=384; reference_groups=16; min_group=3; precip_z=384; temp_z=384; low_rain=37; extreme_wet=44; extreme_heat=29; combined=73; climate_ready=0; data_write_ready=0,temp/alb2002_climate_shock_candidate_exposures.csv;temp/alb2002_climate_shock_candidate_lineage.csv;result/alb2002_climate_shock_candidate_audit.csv;result/alb2002_climate_shock_candidate_summary.csv;report/alb2002_climate_shock_candidate_audit.md,"ALB_2002 within-candidate rainfall and temperature z-scores are documented as diagnostic flags only; they are not historical anomalies or accepted treatment variables because primary climate sources, baselines, and verified geography remain blocked."
climate_outcome_gate,alb2002_climate_outcome_linked_candidate,blocked_alb2002_climate_outcome_linked_candidate_not_promoted_due_recipe_outcome_geography_source_baseline_gates,linked_rows=14396; households=3599; windows=4; district_months=96; unmatched=0; precip_z=14396; temp_z=14396; combined=3092; climate_ready=0; outcome_ready=0; data_write_ready=0,temp/alb2002_climate_outcome_linked_candidate.csv;temp/alb2002_climate_outcome_linked_candidate_lineage.csv;result/alb2002_climate_outcome_linked_candidate_audit.csv;result/alb2002_climate_outcome_linked_candidate_summary.csv;report/alb2002_climate_outcome_linked_candidate_audit.md,"ALB_2002 household rows are mechanically expanded to diagnostic climate-window rows and linked to temp UHC candidates. The output remains temp-only because recipe, outcome-promotion, geography, primary climate-source, and historical-baseline gates are blocked."
climate_outcome_gate,alb2002_linked_candidate_descriptive_screen,blocked_alb2002_linked_candidate_descriptive_screen_not_promoted_due_unpromoted_inputs,input_rows=14396; households=3599; windows=4; audit_rows=7; cell_rows=108; household_cells=4; subgroup_cells=24; climate_flag_cells=16; outcome_by_climate_cells=64; climate_ready=0; outcome_ready=0; data_write_ready=0,result/alb2002_linked_candidate_descriptive_audit.csv;result/alb2002_linked_candidate_descriptive_cells.csv;result/alb2002_linked_candidate_descriptive_summary.csv;report/alb2002_linked_candidate_descriptive_diagnostics.md,"ALB_2002 candidate rates are summarized for audit readability only. This screen does not satisfy promoted descriptive diagnostics, because the underlying outcome, climate, recipe, survey-design, and data-write gates remain blocked."
climate_outcome_gate,alb2002_provisional_outcome_feasibility,not_final_outcomes_outcome_semantics_climate_crosswalk_blocked,audit_rows=30; financial_tests=8; access_proxies=15; low_event_rate=9; ready=0,temp/alb2002_provisional_outcome_feasibility_audit.csv;result/alb2002_provisional_outcome_feasibility_summary.csv;report/alb2002_provisional_outcome_feasibility.md,"ALB_2002 raw OOP/access fields have provisional event-rate diagnostics, but no SDG 3.8.2, final CHE, climate-linked, descriptive, causal, ML, or policy outcome is constructed."
climate_outcome_gate,alb2002_outcome_semantics_raw_value_audit,blocked_outcome_semantics_units_recall_skip_patterns_unreviewed,audit_rows=42; source_files=2; oop_candidates=25; access_candidates=8; value_label_rows=12; conditional_reason_rows=3; outcome_ready=0; sdg382_ready=0,temp/alb2002_outcome_semantics_raw_value_audit.csv;result/alb2002_outcome_semantics_raw_value_summary.csv;report/alb2002_outcome_semantics_raw_value_audit.md,"ALB_2002 raw health module labels and values are now audited for OOP/access semantics. The audit strengthens the evidence trail but keeps CHE, SDG 3.8.2, and forgone-care outcome promotion blocked pending unit, recall, missing-code, and skip-pattern review."
climate_outcome_gate,alb2002_health_questionnaire_semantics_audit,blocked_alb2002_questionnaire_semantics_seen_but_outcome_not_ready,rows=65; oop_items=25; gift_items=6; new_lek_rows=31; four_week_oop=17; twelve_month_oop=8; payment_positive_skip_leaks=0; payment_nonmissing_skip_review=11; outcome_ready=0; climate_ready=0,temp/alb2002_health_questionnaire_semantics_audit.csv;result/alb2002_health_questionnaire_semantics_summary.csv;report/alb2002_health_questionnaire_semantics_audit.md,"ALB_2002 questionnaire evidence now confirms NEW LEKS payment units, mixed four-week and twelve-month OOP recall, gift/payment-scope rows, access-barrier codes, and raw skip-path diagnostics. It still promotes zero outcome, SDG, or climate-linkage rows."
climate_outcome_gate,alb2002_oop_aggregation_policy_audit,blocked_alb2002_oop_aggregation_policy_stress_test_not_outcome_ready,policy_rows=11; household_rows=3599; core_4w_match=3599; core_12m_match=3599; max_che10=0.707697; max_che25=0.56738; outcome_ready=0; sdg382_ready=0; climate_ready=0,temp/alb2002_oop_aggregation_policy_audit.csv;result/alb2002_oop_aggregation_policy_summary.csv;report/alb2002_oop_aggregation_policy_audit.md,"ALB_2002 OOP aggregation policy audit compares four-week, 12-month, gift, transport, and annualized stress-test variants against total consumption. It confirms the existing core OOP sums match the recomputed no-gifts-with-transport policy but keeps all outcome, SDG, and climate promotion rows at zero."
climate_outcome_gate,alb2002_skip_missing_semantics_audit,blocked_alb2002_skip_missing_semantics_seen_but_recipe_not_ready,rows=12; payment_blocks=7; condition_blocks=5; positive_skipped_rows=0; zero_skipped_cells=11; positive_skipped_cells=0; outcome_ready=0; sdg382_ready=0; climate_ready=0,temp/alb2002_skip_missing_semantics_audit.csv;result/alb2002_skip_missing_semantics_summary.csv;report/alb2002_skip_missing_semantics_audit.md,"ALB_2002 skip/missing semantics audit shows skipped downstream payment values are zero-only with no positive skipped-payment leaks. The downstream skip-value decision is documented separately; outcome, SDG, recipe, and climate promotion remain closed pending OOP scope, denominator, access, and geography gates."
climate_outcome_gate,alb2002_oop_skip_value_decision_audit,documented_alb2002_oop_skipped_values_zero_only_but_oop_policy_not_ready,rows=5; payment_blocks=7; condition_blocks=5; nonmissing_skipped_cells=11; zero_skipped_cells=11; positive_skipped_rows=0; positive_skipped_cells=0; zero_skip_ready=4; recall_ready=0; inclusion_ready=0; outcome_ready=0; sdg382_ready=0; climate_ready=0,temp/alb2002_oop_skip_value_decision_audit.csv;result/alb2002_oop_skip_value_decision_summary.csv;report/alb2002_oop_skip_value_decision_audit.md,"ALB_2002 OOP skip-value decision audit narrows skipped downstream payment handling to a no-positive-leakage decision while leaving recall scope, inclusion scope, outcome, SDG, and climate promotion closed."
climate_outcome_gate,alb2002_access_need_denominator_policy_audit,blocked_alb2002_access_need_denominator_policy_not_outcome_ready,rows=24; households=3599; person_need=2202; q01_need=3247; delayed=144; referral_not_gone=161; refused=68; any_access_barrier=1861; low_event=3; outcome_ready=0; climate_ready=0,temp/alb2002_access_need_denominator_policy_audit.csv;result/alb2002_access_need_denominator_policy_summary.csv;report/alb2002_access_need_denominator_policy_audit.md,"ALB_2002 access/need denominator policy audit separates broad need, person-level illness need, delayed care, referral nonuse, refusal, medicine access, and composite barrier candidates. It keeps promotion rows at zero pending explicit denominator policy and remaining OOP/geography gates."
climate_outcome_gate,alb2002_consumption_sdg_denominator_policy_audit,blocked_alb2002_consumption_sdg_denominator_policy_not_sdg_ready,rows=14; households=3599; positive_total_consumption=3599; positive_weight=3599; positive_household_size=3599; spl_ready=0; ppp_cpi_ready=0; discretionary_ready=0; che_ready=0; outcome_ready=0; sdg382_ready=0; climate_ready=0,temp/alb2002_consumption_sdg_denominator_policy_audit.csv;result/alb2002_consumption_sdg_denominator_policy_summary.csv;report/alb2002_consumption_sdg_denominator_policy_audit.md,"ALB_2002 consumption/SDG denominator policy audit verifies that total consumption, weights, and household size are visible for all candidate rows, but keeps CHE, SDG 3.8.2, outcome, recipe, and climate promotion blocked until unit/period, SPL, PPP/CPI, discretionary-budget, OOP, and geography gates pass."
climate_outcome_gate,alb2002_consumption_construction_source_audit,documented_alb2002_consumption_aggregate_but_not_outcome_sdg_climate_ready,rows=9; public_pdf=1; program_zip=1; do_files=19; totcons_do=1; poverty_do=1; metadata_json=1; documentation_ready=9; released_mapping_ready=3; denominator_variant_ready=8; outcome_ready=0; sdg382_ready=0; climate_ready=0,temp/alb2002_consumption_construction_source_audit.csv;result/alb2002_consumption_construction_source_summary.csv;report/alb2002_consumption_construction_source_audit.md,"ALB_2002 public IHSN source evidence documents the total-budget denominator variant and maps local `totcons` to public metadata `totcons3`; it still promotes zero outcome, SDG 3.8.2, or climate-linkage rows."
climate_outcome_gate,alb2002_consumption_aggregate_metadata_crosswalk,documented_alb2002_consumption_aggregate_but_not_outcome_sdg_climate_ready,rows=11; local_poverty_rows=3599; metadata_catalog_rows=0; raw_totcons_positive=3599; candidate_totcons_match=3599; questionnaire_formula_hits=0; construction_source_rows=9; construction_do_files=19; documentation_ready=9; released_mapping_ready=3; denominator_variant_ready=8; outcome_ready=0; sdg382_ready=0; climate_ready=0,temp/alb2002_consumption_aggregate_metadata_crosswalk_audit.csv;result/alb2002_consumption_aggregate_metadata_crosswalk_summary.csv;report/alb2002_consumption_aggregate_metadata_crosswalk_audit.md,"ALB_2002 aggregate crosswalk now verifies that candidate total_consumption exactly copies raw `totcons` and that public IHSN sources map it to the released `totcons3` total-budget variant. OOP numerator, SDG, and climate gates remain closed."
climate_outcome_gate,alb2002_period_aligned_che_policy_audit,blocked_alb2002_period_aligned_che_policy_not_outcome_ready,policy_rows=3; household_rows=3599; denominator_rows=3599; period_alignment_ready=3; combined_che10=0.228952; combined_che10_weighted=0.23666; combined_che25=0.0805779; combined_che25_weighted=0.0859036; outcome_ready=0; climate_ready=0,temp/alb2002_period_aligned_che_policy_audit.csv;result/alb2002_period_aligned_che_policy_summary.csv;report/alb2002_period_aligned_che_policy_audit.md,"ALB_2002 monthly-equivalent CHE stress tests align four-week and twelve-month OOP with the documented monthly total-budget denominator, but they remain non-promoted diagnostics."
raw_verification_gate,alb2002_minimum_recipe_promotion_packet,blocked_alb2002_minimum_recipe_not_ready_for_promotion,action_rows=6; gate_rows=10; blocked_gates=7; candidate_gates=3; harmonized_ready=0; outcome_ready=0; sdg382_ready=0; climate_ready=0,temp/alb2002_minimum_recipe_promotion_action_queue.csv;temp/alb2002_minimum_recipe_promotion_gate_checklist.csv;result/alb2002_minimum_recipe_promotion_summary.csv;report/alb2002_minimum_recipe_promotion_packet.md,"ALB_2002 minimum-promotion packet consolidates the current top-ranked candidate into explicit household, outcome, SDG, and climate gates. It keeps harmonized, outcome, SDG 3.8.2, and climate-linkage promotion at zero."
climate_outcome_gate,alb2002_limited_harmonized_household_core,limited_harmonized_household_core_promoted_outcome_climate_still_blocked,rows=3599; columns=68; identity_rows=3599; timing_rows=3599; weight_rows=3599; admin2_rows=3599; coordinate_rows=0; limited_data_write_ready=3599; final_outcome_ready=0; climate_ready=0; analysis_ready=0,data/harmonized_household.csv;temp/harmonization_audit.csv;temp/harmonized_lineage.csv;temp/alb2002_harmonized_household_core_promotion_audit.csv;result/alb2002_harmonized_household_core_promotion_summary.csv;report/alb2002_harmonized_household_core_promotion.md,"ALB_2002 limited harmonized household core is written for inspection only and carries guardrail markers blocking final outcome, climate-linkage, and empirical-analysis use."
climate_outcome_gate,alb2002_limited_financial_outcome_promotion,limited_che10_che25_financial_outcomes_promoted_sdg_access_climate_still_blocked,rows=3599; che10_rows=824; che10_weighted=0.23666; che25_rows=290; che25_weighted=0.0859036; limited_data_write_ready=3599; sdg382_ready=0; access_ready=0; composite_ready=0; climate_ready=0; analysis_ready=0,data/household_outcomes.csv;result/outcome_audit.csv;temp/outcome_construction_audit.csv;temp/alb2002_limited_financial_outcome_promotion_audit.csv;result/alb2002_limited_financial_outcome_promotion_summary.csv;report/alb2002_limited_financial_outcome_promotion.md,"ALB_2002 limited CHE10/CHE25 outcomes are written for financial-protection inspection only. SDG 3.8.2, access, composite UHC, climate-linkage, and empirical-analysis gates remain closed."
climate_outcome_gate,alb2002_limited_climate_exposure_promotion,limited_nasa_admin2_centroid_climate_exposures_promoted_linkage_still_blocked,rows=384; districts=36; windows=4; precip_nonmissing=384; temp_nonmissing=384; precip_z=384; temp_z=384; limited_data_write_ready=384; chirps_ready=0; era5_ready=0; baseline_ready=0; linkage_ready=0; analysis_ready=0,data/climate_exposures_nasa_power.csv;temp/climate_extraction_audit.csv;temp/alb2002_limited_climate_exposure_promotion_audit.csv;result/alb2002_limited_climate_exposure_promotion_summary.csv;report/alb2002_limited_climate_exposure_promotion.md,"ALB_2002 limited NASA POWER admin2-centroid exposure rows are promoted for fallback exposure inspection only. Final CHIRPS/ERA5, historical-baseline, climate-linkage, and causal-analysis gates remain closed."
climate_outcome_gate,alb2002_limited_climate_linked_promotion,limited_che_outcome_nasa_admin2_climate_linked_promoted_models_still_blocked,rows=14396; households=3599; windows=4; expected=14396; climate_value_rows=14396; unmatched=0; che10_long_rows=3296; che25_long_rows=1160; combined_stress=3092; limited_data_write_ready=14396; sdg382_ready=0; access_ready=0; climate_linkage_ready=0; descriptive_ready=0; predictive_ready=0; reduced_ready=0; robustness_ready=0; analysis_ready=0,data/climate_linked_household.csv;temp/climate_merge_audit.csv;temp/alb2002_limited_climate_linked_promotion_audit.csv;result/alb2002_limited_climate_linked_promotion_summary.csv;report/alb2002_limited_climate_linked_promotion.md,"ALB_2002 limited household-window file links CHE10/CHE25 outcomes to NASA POWER admin2-centroid windows for audit only. Descriptive, predictive, reduced-form, robustness, causal ML, policy, and final-analysis gates remain closed."
raw_verification_gate,analysis_dataset_promotion_barrier_audit,limited_core_financial_outcomes_climate_exposures_and_linked_diagnostics_promoted_models_still_blocked,rows=6; blocked=2; promoted=4; data_files=4; verified_recipe_candidates=0; ready_country_waves=0; alb2002_temp_core_rows=3599; limited_core_rows=3599; limited_core_data_write_ready=3599; limited_core_final_outcome_ready=0; limited_financial_rows=3599; limited_financial_che10=824; limited_financial_che25=290; limited_financial_sdg_access_composite_ready=0/0/0; limited_financial_climate_ready=0; limited_climate_rows=384; limited_climate_data_write_ready=384; limited_climate_linkage_ready=0; limited_linked_rows=14396; limited_linked_data_write_ready=14396; limited_linked_descriptive_predictive_reduced_robust_analysis_ready=0/0/0/0/0; alb2002_harmonized_ready=0; alb2002_outcome_ready=0; alb2002_climate_ready=0,temp/analysis_dataset_promotion_barrier_audit.csv;result/analysis_dataset_promotion_barrier_summary.csv;report/analysis_dataset_promotion_barriers.md,"Promotion audit allows the limited ALB_2002 harmonized household core, CHE-only financial outcomes, fallback climate exposure file, and linked diagnostic file, while keeping all descriptive/model-ready data blocked."
design_gate,current_design_scorecard,fail_closed_design_scorecard_currently_no_go_for_estimation_or_policy_learning,scorecard_rows=38; current_rows=3; audit_rows=4; no_go_thresholds=8; failed_or_not_estimable=8; data_write_ready=0,result/design_scorecard.csv;result/design_scorecard_current_audit.csv;result/design_no_go_threshold_audit.csv;result/design_scorecard_current_summary.csv;report/design_scorecard_audit.md,"Current scorecard preserves broad metadata rows, appends current fail-closed design rows, and records that estimation, transportable targeting, causal ML, policy learning, and descriptive-paper claims remain no-go."
design_gate,alb2002_promotion_gate_delta,partial_gate_delta_documented_keep_data_empty_until_outcome_sdg_geography_gates_pass,gate_rows=10; review_ready=2; documented_candidate=6; hard_blocked=4; promotion_ready=0; data_write_ready=0,temp/alb2002_promotion_gate_delta_audit.csv;result/alb2002_promotion_gate_delta_summary.csv;report/alb2002_promotion_gate_delta_audit.md,ALB_2002 promotion delta separates evidence-rich review candidates from hard blockers while keeping all data writes and promoted analytical claims closed.
design_gate,alb2002_boundary_blocker_resolution,blocked_no_alb2002_boundary_source_ready_for_climate_linkage,matrix_rows=11; official_leads=4; candidate_name_coverage=3; incompatible_or_negative=4; historical_ready=0; climate_ready=0; data_write_ready=0,temp/alb2002_boundary_blocker_resolution_matrix.csv;result/alb2002_boundary_blocker_resolution_summary.csv;report/alb2002_boundary_blocker_resolution_matrix.md,"ALB_2002 boundary matrix consolidates official, public, current-boundary, and negative evidence while keeping climate linkage and data writes closed."
design_gate,alb2002_outcome_blocker_resolution,blocked_no_alb2002_outcome_ready_for_promotion,matrix_rows=12; financial=4; access=5; composite=3; candidate_not_promoted=11; hard_blocked=1; outcome_ready=0; data_write_ready=0,temp/alb2002_outcome_blocker_resolution_matrix.csv;result/alb2002_outcome_blocker_resolution_summary.csv;report/alb2002_outcome_blocker_resolution_matrix.md,"ALB_2002 outcome matrix consolidates CHE, access, composite, and SDG blocker evidence while keeping final outcome promotion and data writes closed."
climate_outcome_gate,alb2002_district_climate_crosswalk,blocked_boundary_crosswalk_not_verified_no_gps,district_groups=36; household_rows=3599; survey_month_rows=3599; interview_date_rows=3599; source_rows=1; source_reachable=1; climate_ready=0,temp/alb2002_district_climate_crosswalk_template.csv;temp/alb2002_district_boundary_source_probe.csv;result/alb2002_district_climate_crosswalk_summary.csv;report/alb2002_district_climate_crosswalk_audit.md,"ALB_2002 district names/codes are converted into a review template and public ADM2 boundary metadata is probed, but no polygons, centroids, GPS, verified historical crosswalk, climate linkage input, or exposure values are created."
climate_outcome_gate,alb2002_boundary_name_match_audit,blocked_current_boundary_name_match_incomplete_historical_crosswalk_no_gps,survey_districts=36; boundary_features=37; exact_matches=34; repaired_matches=1; unmatched_survey=1; duplicate_boundary_keys=2; historical_ready=0; climate_ready=0,temp/alb2002_boundary_name_match_audit.csv;temp/alb2002_boundary_geojson_inventory.csv;temp/source_snapshots/alb2002_geoboundaries_alb_adm2_current.geojson;result/alb2002_boundary_name_match_summary.csv;report/alb2002_boundary_name_match_audit.md,"ALB_2002 current public ADM2 boundary names were compared against survey district labels. Name evidence remains incomplete because KORCE is unmatched, duplicate current-boundary name keys exist, 2021 boundaries are not verified as 2002 districts, and no GPS support exists."
climate_outcome_gate,alb2002_boundary_source_alternatives_audit,blocked_no_public_2002_district_boundary_source_verified,source_rows=6; reachable=4; current_or_post2015=2; lsms_maps_documented=1; gps_documented=1; historical_ready=0; climate_ready=0,temp/alb2002_boundary_source_alternative_audit.csv;result/alb2002_boundary_source_alternative_summary.csv;report/alb2002_boundary_source_alternative_audit.md,ALB_2002 public/current/historical boundary-source alternatives were audited without GIS downloads. Source leads remain useful but not promotion-ready because no public 2001/2002 district/GPS boundary source is verified and joined to the 36 observed survey district groups.
climate_outcome_gate,alb2002_boundary_source_resource_search_audit,blocked_alb2002_boundary_resource_search_no_historical_climate_ready_source,candidate_resources=3; parseable=3; complete_name_coverage=1; exact_unit_count=1; best_candidate=geoboundaries_2_0_1_adm2; best_exact=33; best_repaired=2; best_alias=1; historical_ready=0; climate_ready=0,temp/alb2002_boundary_source_resource_search_audit.csv;result/alb2002_boundary_source_resource_search_summary.csv;report/alb2002_boundary_source_resource_search_audit.md;temp/source_snapshots/alb2002_geoboundaries_2_0_1_alb_adm2.geojson;temp/source_snapshots/hdx_cod_ab_alb_package_show.json;temp/source_snapshots/hdx_alb_adm_gazetteer_2019.xlsx,"ALB_2002 public boundary resources were parsed directly. geoBoundaries 2.0.1 is the strongest name-coverage lead, but it remains blocked until boundary vintage, provenance, geometry validity, and raw district-code crosswalks are verified."
climate_outcome_gate,alb2002_boundary_geometry_provenance_audit,blocked_geoboundaries_2_0_1_boundary_year_2013_not_verified_2002,features=36; coordinate_structure_ok=36; survey_key_matched=36; boundary_year=2013; boundary_update=2020-01-16; source=OpenStreetMap; Wambacher; year_matches_2002=0; topology_validated=0; historical_ready=0; climate_ready=0,temp/alb2002_boundary_geometry_provenance_audit.csv;temp/alb2002_boundary_metadata_provenance_probe.csv;result/alb2002_boundary_geometry_provenance_summary.csv;report/alb2002_boundary_geometry_provenance_audit.md;temp/source_snapshots/alb2002_geoboundaries_2_0_1_alb_adm2_metadata.json,"The best ALB_2002 boundary lead has parseable geometry and complete survey-key name coverage, but companion metadata reports boundaryYear 2013 and OpenStreetMap/Wambacher provenance, so it remains blocked for 2002 climate linkage."
climate_outcome_gate,alb2002_boundary_manual_verification_packet,blocked_manual_boundary_verification_required_before_alb2002_climate_linkage,actions=7; gates=9; candidate_gates=3; blocked_gates=6; high_priority_actions=3; pre2011_digital_map_absence=1; climate_ready=0,temp/alb2002_boundary_manual_verification_action_queue.csv;temp/alb2002_boundary_promotion_gate_checklist.csv;result/alb2002_boundary_manual_verification_packet_summary.csv;report/alb2002_boundary_manual_verification_packet.md,"The ALB_2002 geography blocker is now converted into source-specific manual actions and explicit promotion gates. The packet is actionable, but climate linkage remains blocked until those gates pass."
climate_outcome_gate,alb2002_boundary_manual_source_followup,blocked_followup_confirms_no_public_2002_district_boundary_source,followup_rows=7; conclusive_blockers=7; district_ready=0; climate_ready=0; ipums_status=blocked_prefecture_g1_not_36_lsms_districts; unece_pre2011_map_status=blocked_pre2011_digital_boundary_source_absence_documented,temp/alb2002_boundary_manual_source_followup_audit.csv;result/alb2002_boundary_manual_source_followup_summary.csv;report/alb2002_boundary_manual_source_followup.md,"Manual-source follow-up records source-specific blockers. IHGIS is downgraded to prefecture-level only, UNECE/INSTAT evidence documents pre-2011 national digital-map absence, and no public source is promoted for ALB_2002 climate linkage."
climate_outcome_gate,alb2002_gadm_boundary_lead_audit,blocked_gadm_boundary_lead_no_verified_2002_historical_provenance,candidates=2; gadm36_rows=37; gadm36_keys=36; gadm36_district_rows=37; gadm36_complete_name_coverage=1; gadm36_duplicate_keys=1; historical_ready=0; climate_ready=0,temp/alb2002_gadm_boundary_lead_audit.csv;temp/alb2002_gadm_boundary_name_match_audit.csv;result/alb2002_gadm_boundary_lead_summary.csv;report/alb2002_gadm_boundary_lead_audit.md;temp/source_snapshots/gadm36_ALB_shp.zip;temp/source_snapshots/gadm41_ALB_shp.zip,"GADM 3.6 is a useful public district/Rreth lead, but duplicate SHKODER and missing official 2001/2002 provenance keep ALB_2002 climate linkage blocked."
climate_outcome_gate,alb2002_local_geography_artifact_audit,blocked_questionnaire_gps_fields_not_present_as_raw_coordinate_artifacts,files_scanned=44; raw_coordinate_variables=0; questionnaire_coordinate_fields=2; admin_variables=55; local_coordinate_ready=0; local_boundary_ready=0; climate_ready=0,temp/alb2002_local_geography_artifact_audit.csv;result/alb2002_local_geography_artifact_summary.csv;report/alb2002_local_geography_artifact_audit.md,"ALB_2002 local package and questionnaire evidence show longitude/latitude fields and admin/sampling geography, but no raw coordinate variables, verified boundary artifact, or climate-linkage-ready row exists."
raw_verification_gate,alb2012_raw_core_feasibility,temp_candidate_no_interview_timing_coarse_geography_outcome_semantics_pending,candidate_rows=6671; consumption_rows=6671; weight_rows=6671; oop4w_positive=2794; access_affordability=2750; timing_rows=0; climate_ready=0,temp/alb2012_household_core_candidate.csv;temp/alb2012_raw_core_feasibility_audit.csv;temp/alb2012_raw_core_lineage.csv;result/alb2012_raw_core_feasibility_summary.csv;report/alb2012_raw_core_feasibility.md,"ALB_2012 has a temp raw-core review candidate with consumption, weights, OOP/access proxies, and shocks, but no harmonization or climate linkage is promoted because interview timing is missing, geography is coarse prefecture/region only, GPS is absent, and value semantics are unreviewed."
climate_outcome_gate,alb2012_provisional_outcome_feasibility,not_final_outcomes_timing_geography_recall_semantics_blocked,audit_rows=33; financial_tests=8; access_proxies=15; need_proxies=4; low_event_rate=9; ready=0; climate_ready=0,temp/alb2012_provisional_outcome_feasibility_audit.csv;result/alb2012_provisional_outcome_feasibility_summary.csv;report/alb2012_provisional_outcome_feasibility.md,"ALB_2012 raw OOP/access/need fields have provisional event-rate diagnostics, but no SDG 3.8.2, final CHE, climate-linked, descriptive, causal, ML, or policy outcome is constructed."
climate_outcome_gate,alb2012_outcome_semantics_raw_value_audit,blocked_timing_geography_outcome_semantics_units_recall_skip_patterns,audit_rows=61; source_files=2; oop_candidates=37; gift_candidates=7; access_candidates=8; service_quality_proxies=7; value_label_rows=24; conditional_reason_rows=4; outcome_ready=0; sdg382_ready=0; climate_ready=0,temp/alb2012_outcome_semantics_raw_value_audit.csv;result/alb2012_outcome_semantics_raw_value_summary.csv;report/alb2012_outcome_semantics_raw_value_audit.md,"ALB_2012 payment, gift, access, need, coping, and service-quality labels and values are audited. Promotion remains blocked by timing/geography, gift policy, units, recall periods, missing-code review, skip-pattern denominators, and service-quality proxy interpretation."
climate_outcome_gate,alb2012_timing_geography_exhaustive_audit,blocked_missing_interview_timing_coarse_prefecture_region_no_gps,audit_rows=212; source_files=34; interview_timing_verified=0; coordinate_candidates=0; coarse_geography_households=6671; climate_ready=0,temp/alb2012_timing_geography_exhaustive_audit.csv;result/alb2012_timing_geography_exhaustive_summary.csv;report/alb2012_timing_geography_exhaustive_audit.md,"ALB_2012 raw timing/geography keywords were scanned. Interview month/date is not verified, no coordinate candidates were found, and the available geography is coarse prefecture/region/urban, so climate linkage remains blocked."
climate_outcome_gate,alb2012_questionnaire_timing_field_audit,blocked_questionnaire_timing_fields_not_in_raw_household_values,field_rows=29; raw_gap_rows=12; raw_control_candidates=0; raw_verified_interview_timing=0; climate_ready=0,temp/alb2012_questionnaire_timing_field_audit.csv;temp/alb2012_questionnaire_timing_raw_gap_audit.csv;result/alb2012_questionnaire_timing_field_summary.csv;report/alb2012_questionnaire_timing_field_audit.md,"ALB_2012 questionnaire control sheets contain date/begin/end/status/visit fields, but raw household interview timing values are not verified in the SPSS modules, so climate windows remain blocked."
climate_outcome_gate,alb2012_timing_geography_blocker_resolution,blocked_alb2012_no_timing_geography_fallback_ready,matrix_rows=10; timing=3; geography=3; outcome=2; promotion_gate=2; hard_blocked=10; timing_ready=0; climate_ready=0; data_write_ready=0,temp/alb2012_timing_geography_blocker_resolution_matrix.csv;result/alb2012_timing_geography_blocker_resolution_summary.csv;report/alb2012_timing_geography_blocker_resolution_matrix.md,"ALB_2012 fallback matrix consolidates timing, geography, outcome, and first-analysis promotion evidence while keeping interview timing, climate linkage, and data writes closed."
raw_verification_gate,albania_legacy_questionnaire_readability,legacy_questionnaires_readable_content_audit_required,present_files=5; read_ok=5; missing_reader_blocked=0; timing_ready=5; climate_ready=0,temp/albania_legacy_questionnaire_readability_audit.csv;result/albania_legacy_questionnaire_readability_summary.csv;report/albania_legacy_questionnaire_readability_audit.md,"ALB_2002/2005/2008 legacy .xls questionnaires are present and readable, but readability is only a prerequisite for a separate content audit."
raw_verification_gate,albania_legacy_questionnaire_timing_field_audit,blocked_legacy_questionnaire_form_design_not_sufficient_for_climate_linkage,field_rows=83; raw_gap_rows=58; raw_verified_interview_timing=3599; climate_ready=0,temp/albania_legacy_questionnaire_timing_field_audit.csv;temp/albania_legacy_questionnaire_timing_raw_gap_audit.csv;result/albania_legacy_questionnaire_timing_field_summary.csv;report/albania_legacy_questionnaire_timing_field_audit.md,"Legacy Albania questionnaire control fields document date/begin/end/status/visit form design; only ALB_2002 has verified raw interview timing so far, and climate linkage remains blocked."
raw_verification_gate,alb2005_documented_harmonization_review,not_ready_for_verified_recipe,evidence_rows=44; future_candidates=36; false_positives=2; recipe_ready=0,temp/alb2005_documented_variable_evidence.csv;result/alb2005_documented_harmonization_summary.csv;report/alb2005_documented_harmonization_review.md,"ALB_2005 has documented candidates such as weight_retro, totcons, OOP payments, need/access variables, and district code, but remains not recipe-ready because timing/geography, OOP aggregation/recall, skip patterns, units, and merge keys are unresolved; fertility birth-weight variables are explicitly rejected as survey weights."
raw_verification_gate,alb2005_household_core_merge_audit,temp_candidate_not_analysis_ready,candidate_rows=3840; consumption_rows=3638; district_rows=329; survey_month_rows=0; recipe_ready=0,temp/alb2005_household_core_candidate.csv;temp/alb2005_household_core_merge_audit.csv;temp/alb2005_household_core_lineage.csv;result/alb2005_household_core_candidate_summary.csv;report/alb2005_household_core_merge_audit.md,"A temp-only ALB_2005 household core candidate exists for review, but it remains outside data/ because poverty coverage is partial, geography is partial/no-GPS, survey timing is missing, and OOP/access variables are unreviewed."
climate_outcome_gate,alb2005_provisional_outcome_feasibility,not_final_outcomes_timing_geography_recall_blocked,audit_rows=23; financial_tests=8; access_proxies=10; low_event_rate=6; ready=0,temp/alb2005_provisional_outcome_feasibility_audit.csv;result/alb2005_provisional_outcome_feasibility_summary.csv;report/alb2005_provisional_outcome_feasibility.md,"ALB_2005 raw OOP/access fields have provisional event-rate diagnostics, but no SDG 3.8.2, final CHE, climate-linked, descriptive, causal, ML, or policy outcome is constructed."
climate_outcome_gate,alb2005_outcome_semantics_raw_value_audit,blocked_timing_geography_outcome_semantics_units_recall_skip_patterns,audit_rows=53; source_files=2; oop_candidates=36; gift_candidates=7; access_candidates=8; value_label_rows=17; conditional_reason_rows=3; outcome_ready=0; sdg382_ready=0; climate_ready=0,temp/alb2005_outcome_semantics_raw_value_audit.csv;result/alb2005_outcome_semantics_raw_value_summary.csv;report/alb2005_outcome_semantics_raw_value_audit.md,"ALB_2005 raw health payment, gift, access, need, coping, and coverage labels and values have been audited; promotion remains blocked by timing/geography, gift policy, units, recall periods, missing-code review, and skip-pattern denominators."
climate_outcome_gate,alb2005_timing_geography_exhaustive_audit,blocked_missing_interview_timing_partial_geography_no_gps,audit_rows=234; interview_timing_verified=0; coordinate_candidates=0; district_name_rows=1899; district_code_rows=329; climate_ready=0,temp/alb2005_timing_geography_exhaustive_audit.csv;result/alb2005_timing_geography_exhaustive_summary.csv;report/alb2005_timing_geography_exhaustive_audit.md,"ALB_2005 raw timing/geography keywords were scanned. Interview month/date is not verified, no coordinate candidates were found, and district evidence is partial, so climate linkage remains blocked."
climate_outcome_gate,alb2005_timing_geography_source_search_audit,blocked_alb2005_timing_geography_source_search_not_ready,rows=11; targets=5; local_files=46; local_variables=1187; raw_hits=4; questionnaire_hits=5; verified_timing=0; coordinates=0; district_name_rows=1899; district_code_rows=329; geography_ready=0; interview_ready=0; climate_ready=0,temp/alb2005_timing_geography_source_search_audit.csv;result/alb2005_timing_geography_source_search_summary.csv;report/alb2005_timing_geography_source_search_audit.md,"ALB_2005 timing/geography source-search evidence triangulates raw schema, local file inventory, questionnaires, and upstream audits. It finds raw/questionnaire leads but no verified household interview timing, no coordinates, and no promotion-ready geography crosswalk, so climate linkage remains blocked."
raw_verification_gate,alb2005_required_value_key_audit,blocked_alb2005_required_values_seen_but_recipe_not_ready,audit_rows=26; total_consumption_nonmissing=3638; oop4w_positive_households=2679; oop12m_positive_households=2231; district_code_nonmissing=329; timing_verified=0; coordinate_ready=0; climate_ready=0; recipe_ready=0,temp/alb2005_required_value_key_audit.csv;result/alb2005_required_value_key_summary.csv;report/alb2005_required_value_key_audit.md,"ALB_2005 raw values are visible for keys, total consumption, OOP items, access barriers, weights, and partial district codes, but all recipe and climate-linkage promotion remains blocked by timing, geography, unit, recall, and skip-pattern gates."
raw_verification_gate,alb2005_health_questionnaire_semantics_audit,blocked_alb2005_questionnaire_semantics_seen_but_recipe_not_ready,rows=58; oop_items=36; old_lek_rows=36; access_rows=7; cost_barrier_rows=3; recipe_ready=0; outcome_ready=0; climate_ready=0,temp/alb2005_health_questionnaire_semantics_audit.csv;result/alb2005_health_questionnaire_semantics_summary.csv;report/alb2005_health_questionnaire_semantics_audit.md,"ALB_2005 questionnaire text confirms old-lek OOP item units, recall separation, payment-scope exclusions, zero-payment instructions, and access-barrier codes, but recipe, outcome, and climate-linkage promotion remain blocked until raw skip paths, aggregation policy, timing, and geography pass."
climate_outcome_gate,alb2005_oop_aggregation_policy_audit,blocked_alb2005_oop_aggregation_policy_stress_test_not_outcome_ready,policy_rows=11; households=3840; total_consumption_rows=3638; questionnaire_oop_rows=36; old_lek_rows=36; outcome_ready=0; recipe_ready=0; climate_ready=0,temp/alb2005_oop_aggregation_policy_audit.csv;result/alb2005_oop_aggregation_policy_summary.csv;report/alb2005_oop_aggregation_policy_audit.md,"ALB_2005 OOP aggregation policies are stress-tested against raw values and questionnaire payment-scope evidence, but these rows are not final CHE/SDG outcomes and remain blocked from recipe, outcome, and climate-linkage promotion."
climate_outcome_gate,alb2005_skip_missing_semantics_audit,blocked_alb2005_skip_missing_semantics_seen_but_recipe_not_ready,rows=13; payment_leaks=0; payment_positive_leaks=0; condition_leaks=0; condition_missing_when_triggered=0; financing_leaks=0; financing_missing_when_triggered=0; recipe_ready=0; outcome_ready=0; climate_ready=0,temp/alb2005_skip_missing_semantics_audit.csv;result/alb2005_skip_missing_semantics_summary.csv;report/alb2005_skip_missing_semantics_audit.md,"ALB_2005 raw trigger/downstream skip paths are audited for payment, access reason, and health-financing fields, but these rows remain outside recipes and final outcomes until units, zero/missing semantics, recall periods, timing, geography, and SDG denominator gates pass."
climate_outcome_gate,alb2005_consumption_oop_unit_period_audit,blocked_alb2005_consumption_oop_unit_period_not_ready,rows=12; positive_totcons=3638; positive_rcons=3638; metadata_old_lek=6; oop_old_lek=36; four_week_oop=26; twelve_month_oop=10; sdg_ready=0; recipe_ready=0; outcome_ready=0; climate_ready=0,temp/alb2005_consumption_oop_unit_period_audit.csv;result/alb2005_consumption_oop_unit_period_summary.csv;report/alb2005_consumption_oop_unit_period_audit.md,"ALB_2005 now has explicit denominator-unit and recall-period evidence for total consumption and OOP items, but SDG 3.8.2, CHE outcomes, recipe promotion, and climate linkage remain blocked until total-consumption period, price basis, SPL/PPP/CPI, annualization, timing, and geography are verified."
climate_outcome_gate,alb2005_consumption_aggregate_metadata_crosswalk_audit,blocked_alb2005_consumption_aggregate_metadata_crosswalk_not_ready,rows=16; metadata_rows=9; local_poverty_columns=16; metadata_present_local=1; metadata_absent_local=8; per_capita_components=6; positive_totcons=3638; totcons05_local=0; formula_reconstructable=0; sdg_ready=0; recipe_ready=0; outcome_ready=0; climate_ready=0,temp/alb2005_consumption_aggregate_metadata_crosswalk_audit.csv;result/alb2005_consumption_aggregate_metadata_crosswalk_summary.csv;report/alb2005_consumption_aggregate_metadata_crosswalk_audit.md,"ALB_2005 public metadata exposes old-lek aggregate/component variables, but local poverty.sav exposes only `totcons` from that checked formula set plus per-capita diagnostics; denominator reconstruction, `totcons05` variant choice, SDG 3.8.2, recipes, outcomes, and climate linkage remain blocked."
climate_outcome_gate,alb2005_consumption_component_source_search_audit,blocked_alb2005_consumption_component_source_search_not_ready,rows=37; targets=9; local_files=46; local_variables=1187; exact_found=1; exact_missing=8; label_phrase_targets=5; questionnaire_phrase_targets=5; construction_code_files=0; construction_code_targets=0; sdg_ready=0; recipe_ready=0; outcome_ready=0; climate_ready=0,temp/alb2005_consumption_component_source_search_audit.csv;result/alb2005_consumption_component_source_search_summary.csv;report/alb2005_consumption_component_source_search_audit.md,"ALB_2005 local raw/schema/questionnaire search finds only `totcons` as an exact public-metadata target variable and no local construction-code files; item/module leads remain manual review leads, not an outcome-ready denominator recipe."
raw_verification_gate,alb2005_minimum_recipe_promotion_packet,blocked_alb2005_minimum_recipe_not_ready_for_promotion,action_rows=6; gate_rows=10; blocked_gates=8; candidate_gates=2; harmonized_ready=0; outcome_ready=0; climate_ready=0,temp/alb2005_minimum_recipe_promotion_action_queue.csv;temp/alb2005_minimum_recipe_promotion_gate_checklist.csv;result/alb2005_minimum_recipe_promotion_summary.csv;report/alb2005_minimum_recipe_promotion_packet.md,"The ALB_2005 raw-ready temp candidate is now mapped to explicit promotion gates. No harmonized household data, final outcomes, or climate-linkage rows are promoted until household frame, weights, denominator, OOP, access, timing, and geography gates pass."
raw_verification_gate,alb2005_public_fieldwork_geo_metadata_audit,blocked_public_metadata_not_household_climate_linkage_ready,evidence_rows=10; verified_source_rows=10; source_missing_rows=0; fieldwork_rows=5; gps_claim_rows=3; sampling_geo_rows=2; household_timing_verified=0; raw_coordinate_rows=0; climate_ready=0,temp/alb2005_public_fieldwork_geo_metadata_audit.csv;result/alb2005_public_fieldwork_geo_metadata_summary.csv;report/alb2005_public_fieldwork_geo_metadata_audit.md;temp/source_snapshots/first_batch_public_documentation/1_ALB_2005_LSMS_v01_M/metadata_ddi_xml.xml,"ALB_2005 public DDI metadata verifies the May to early-July 2005 main fieldwork window, October agriculture/community follow-up, sampling geography context, and a public GPS-collection claim. It still does not verify row-level household timing or raw coordinate values, so climate linkage remains blocked."
raw_verification_gate,alb2005_diary_timing_candidate_audit,blocked_diary_timing_metadata_candidate_no_raw_merge_semantics,candidate_rows=11; metadata_found_rows=11; schema_file_rows=3840; raw_bookmetadata_present=0; key_candidate_rows=3; date_candidate_rows=6; household_timing_promoted=0; climate_ready=0,temp/alb2005_diary_timing_candidate_audit.csv;result/alb2005_diary_timing_candidate_summary.csv;report/alb2005_diary_timing_candidate_audit.md;temp/raw_schema_inventory/Albania_2005_ALB_2005_LSMS_v01_M/Albania_2005_ALB_2005_LSMS_v01_M_variable_catalog.csv,"`bookmetadata_cl` exposes diary beginning/finishing day/month/year metadata candidates and key variables, but no raw bookmetadata file is present and diary dates are not accepted household interview timing until raw values, merge coverage, and protocol semantics pass."
raw_verification_gate,alb2005_extracted_module_coverage_audit,blocked_extracted_package_missing_bookmetadata_and_coordinate_values,ddi_modules=68; present=41; missing=27; archive_members=61; archive_sav=44; archive_absent=27; archive_critical_absent=8; archive_listing=tar_listing_available; extracted_files=44; bookmetadata_missing=1; food_diary_missing=5; critical_missing=8; coordinate_vars=0; coordinate_files=0; climate_ready=0,temp/alb2005_extracted_module_coverage_audit.csv;temp/alb2005_extracted_extra_files_audit.csv;temp/alb2005_archive_member_manifest.csv;result/alb2005_extracted_module_coverage_summary.csv;report/alb2005_extracted_module_coverage_audit.md,"The ALB_2005 local archive manifest and extracted folder both lack DDI `bookmetadata_cl`, food-diary modules, and coordinate evidence; this explains why diary timing and climate linkage remain blocked despite useful public metadata."
raw_verification_gate,alb2005_fallback_blocker_resolution_matrix,blocked_alb2005_no_fallback_ready,rows=12; raw_package=1; timing=3; geography=2; outcome=3; promotion_gate=3; hard_blocked=12; harmonized_ready=0; outcome_ready=0; timing_ready=0; geography_ready=0; climate_ready=0; data_ready=0,temp/alb2005_fallback_blocker_resolution_matrix.csv;result/alb2005_fallback_blocker_resolution_summary.csv;report/alb2005_fallback_blocker_resolution_matrix.md,"Consolidates ALB_2005 missing-module, public timing/GPS, diary-date, partial-geography, OOP/denominator/access, and fallback-promotion blockers into one fail-closed decision; all promoted readiness and data-write rows remain zero."
raw_verification_gate,albania_first_analysis_promotion_gate,blocked_no_albania_wave_ready_for_first_analysis_promotion,waves=4; gates=40; blocked_gates=19; ready_waves=0; top_ranked=ALB_2002_LSMS_v01_M; top_blocker=verified_2002_district_boundary_absent_gadm_lead_blocked_and_outcome_semantics_unpromoted,temp/albania_first_analysis_promotion_gate_checklist.csv;temp/albania_first_analysis_promotion_action_queue.csv;result/albania_first_analysis_promotion_wave_ranking.csv;result/albania_first_analysis_promotion_summary.csv;report/albania_first_analysis_promotion_gate.md,"Ranks local Albania raw waves for the first possible analytical dataset and keeps promotion blocked until harmonization, outcome, and climate-linkage gates pass."
raw_verification_gate,albania_existing_raw_wave_audit,present_raw_waves_require_wave_specific_schema_value_key_timing_audits,waves=4; archives=4; extracted=4; unintegrated=3; raw_files=163; harmonization_ready=0; climate_ready=0,temp/albania_existing_raw_wave_audit.csv;result/albania_existing_raw_wave_audit_summary.csv;report/albania_existing_raw_wave_audit.md,"Existing Albania waves remain promotion-blocked. ALB_2002 now has temp household-core, provisional outcome, raw outcome-semantics, district crosswalk, and boundary name-match diagnostics but no climate-linkage promotion; ALB_2005, ALB_2008, and ALB_2012 now have raw outcome-semantics diagnostics but no outcome, SDG, or climate-linkage promotion; ALB_2012 also has raw-core, provisional outcome, and timing/geography diagnostics but no timing/GPS climate support."
raw_verification_gate,alb2008_household_core_merge_audit,temp_candidate_not_analysis_ready,candidate_rows=3599; consumption_rows=3599; weight_rows=3599; oop4w_positive=1895; area_rows=3599; survey_month_rows=0; recipe_ready=0,temp/alb2008_household_core_candidate.csv;temp/alb2008_household_core_merge_audit.csv;temp/alb2008_household_core_lineage.csv;result/alb2008_household_core_candidate_summary.csv;report/alb2008_household_core_merge_audit.md,"A temp-only ALB_2008 household core candidate exists for review, but it remains outside data/ because timing, climate-ready geography, OOP/access semantics, and cross-wave comparability are unresolved."
climate_outcome_gate,alb2008_provisional_outcome_feasibility,not_final_outcomes_timing_geography_recall_blocked,audit_rows=24; financial_tests=8; access_proxies=11; low_event_rate=6; ready=0,temp/alb2008_provisional_outcome_feasibility_audit.csv;result/alb2008_provisional_outcome_feasibility_summary.csv;report/alb2008_provisional_outcome_feasibility.md,"ALB_2008 raw OOP/access fields have provisional event-rate diagnostics, but no SDG 3.8.2, final CHE, climate-linked, descriptive, causal, ML, or policy outcome is constructed."
climate_outcome_gate,alb2008_outcome_semantics_raw_value_audit,blocked_timing_geography_outcome_semantics_units_recall_skip_patterns,audit_rows=61; source_files=3; oop_candidates=36; gift_candidates=9; access_candidates=8; facility_proxies=8; value_label_rows=61; conditional_reason_rows=4; outcome_ready=0; sdg382_ready=0; climate_ready=0,temp/alb2008_outcome_semantics_raw_value_audit.csv;result/alb2008_outcome_semantics_raw_value_summary.csv;report/alb2008_outcome_semantics_raw_value_audit.md,"ALB_2008 raw health payment, gift, access, need, coping, and service-quality labels and values have been audited; promotion remains blocked by timing/geography, gift policy, units, recall periods, missing-code review, skip-pattern denominators, and service-quality proxy interpretation."
climate_outcome_gate,alb2008_timing_geography_exhaustive_audit,blocked_missing_interview_timing_coarse_geography_no_gps,audit_rows=225; interview_timing_verified=0; coordinate_candidates=0; coarse_geography_households=3599; climate_ready=0,temp/alb2008_timing_geography_exhaustive_audit.csv;result/alb2008_timing_geography_exhaustive_summary.csv;report/alb2008_timing_geography_exhaustive_audit.md,"ALB_2008 raw timing/geography keywords were scanned. Interview month/date is not verified, no coordinate candidates were found, and the available geography is coarse survey area/stratum, so climate linkage remains blocked."
climate_outcome_gate,alb2008_fallback_blocker_resolution_matrix,blocked_alb2008_no_timing_geography_fallback_ready,rows=10; timing=3; geography=3; outcome=2; promotion_gate=2; hard_blocked=10; timing_ready=0; geography_ready=0; outcome_ready=0; climate_ready=0; data_ready=0,temp/alb2008_fallback_blocker_resolution_matrix.csv;result/alb2008_fallback_blocker_resolution_summary.csv;report/alb2008_fallback_blocker_resolution_matrix.md,"Consolidates ALB_2008 missing interview timing, rejected non-interview timing hits, coarse non-GPS geography, provisional OOP/access semantics, and fallback-promotion blockers into one fail-closed decision; all promoted readiness and data-write rows remain zero."
raw_verification_gate,first_batch_raw_verification_workbook,blocked_raw_microdata,dataset_gates=10; concept_rows=130; variable_rows=917; datasets_ready=0,result/first_batch_dataset_verification_gate.csv;temp/first_batch_concept_verification_template.csv;temp/first_batch_variable_verification_template.csv;result/first_batch_raw_verification_workbook_summary.csv;report/first_batch_raw_verification_workbook.md,Post-download workbook for proving raw concept and variable evidence before any harmonization recipe or data output is promoted.
coverage,variable_maps,metadata_only_requires_raw_verification,25358,temp/variable_map_consumption.csv;temp/variable_map_health_expenditure.csv;temp/variable_map_health_need_access.csv;temp/variable_map_geography.csv;temp/variable_map_survey_design.csv;temp/variable_map_demographics.csv;temp/variable_map_shocks.csv,Candidate variable-map rows are metadata-derived and must not be treated as verified raw variables.
readiness,harmonization_ready_country_waves,blocked_raw_microdata,0,result/harmonization_readiness_matrix.csv,Country-wave rows ready at this gate. Zero means the project remains in metadata/protocol mode.
readiness,sdg382_ready_country_waves,blocked_raw_microdata,0,result/sdg382_denominator_country_wave_readiness.csv,Country-wave rows ready at this gate. Zero means the project remains in metadata/protocol mode.
readiness,climate_ready_country_waves,blocked_raw_microdata,0,result/climate_linkage_readiness.csv,Country-wave rows ready at this gate. Zero means the project remains in metadata/protocol mode.
readiness,outcome_ready_country_waves,ready,1,temp/outcome_denominator_plan.csv,Country-wave rows ready at this gate. Zero means the project remains in metadata/protocol mode.
readiness,reduced_form_ready_country_waves,blocked_raw_microdata,0,temp/modeling_identification_plan.csv,Country-wave rows ready at this gate. Zero means the project remains in metadata/protocol mode.
readiness,mechanism_ready_country_waves,blocked_raw_microdata,0,result/mechanism_readiness_matrix.csv,Country-wave rows ready at this gate. Zero means the project remains in metadata/protocol mode.
go_no_go,pre_specified_rules,blocked_raw_microdata,pass=2; blocked=6,result/empirical_no_go_threshold_status.csv;report/empirical_readiness_dashboard.md,"All current no-go rules are blocked or failing until raw microdata, outcome, climate, and validation gates pass."
go_no_go_rule,main_financial_protection_minimum_countries,blocked_raw_microdata,0,result/empirical_no_go_threshold_status.csv,"If fewer than 6 countries have consumption, OOP health expenditure, usable geography, and survey timing, do not proceed with the main multi-country financial-protection paper. Next action: complete raw downloads and verify consumption, OOP, geography, timing, and weights"
go_no_go_rule,double_failure_minimum_country_waves,blocked_raw_microdata,1,result/empirical_no_go_threshold_status.csv,"If fewer than 10 country-waves support both financial hardship and forgone care, keep UHC double failure secondary. Next action: verify financial and access outcome concepts in raw data before promoting the composite outcome"
go_no_go_rule,climate_geography_precision,blocked_raw_microdata,0,result/empirical_no_go_threshold_status.csv,"If geolocation is too weak for most countries, use admin-level climate aggregation and lower causal claims. Next action: inspect raw timing/geography variables and classify GPS/admin linkage quality"
go_no_go_rule,event_rate_minimum,blocked_raw_microdata,3599,result/empirical_no_go_threshold_status.csv,"If event rates are below 3%, expand outcomes or countries; do not force rare-event ML. Next action: run promoted descriptive diagnostics after climate-linked data before treating event-rate checks as model-ready"
go_no_go_rule,transportable_prediction,pass,30,result/empirical_no_go_threshold_status.csv,"If leave-country-out predictive performance is poor, do not claim transportable targeting. Next action: run predictive ML only after audited outcomes and climate-linked data exist"
go_no_go_rule,climate_lead_placebo,pass,88,result/empirical_no_go_threshold_status.csv,"If climate lead placebo predicts outcomes, treat causal design as weak. Next action: estimate main reduced-form model, then run future climate lead placebo"
go_no_go_rule,causal_ml_policy_value,blocked_raw_microdata,0,result/empirical_no_go_threshold_status.csv,"If CATE/policy learning does not beat simple targeting rules out of sample, report null targeting value honestly. Next action: do not run causal ML or policy learning until identification and validation gates pass"
go_no_go_rule,descriptive_fallback,blocked_raw_microdata,3599,result/empirical_no_go_threshold_status.csv,"If only descriptive evidence survives, write a descriptive data paper and do not claim causal effects. Next action: resolve climate-linkage gates, then run descriptive diagnostics before deciding manuscript scope"
traceability,completion_criteria,incomplete,complete=16; incomplete=0,result/completion_criteria_audit.csv,"The project is not complete because analysis-ready data, outcomes, climate linkage, models, causal ML/policy learning, and robustness checks are absent."
traceability,workspace_validation,complete,complete=458; incomplete_or_failed=0; rows=458,result/workspace_validation_audit.csv;report/workspace_validation.md,Workspace validation is expected to remain incomplete only at the raw microdata gate while raw files are absent.
traceability,objective_traceability,available,summary_rows=491,result/objective_traceability_summary.csv;report/objective_traceability_audit.md,Objective traceability maps pasted goal requirements to current evidence and guardrails.
priority_bundle,1: Albania 2005 ALB_2005_LSMS_v01_M,harmonization_value_audit_required,raw_schema_claims_only_no_analysis_dataset_claims,result/empirical_readiness_dashboard.csv,complete harmonization value/unit/recall/key audits and assemble verified recipe candidates
priority_bundle,2: Ethiopia 2021-2022 ETH_2021_ESPS-W5_v02_M,manual_raw_download_required,metadata_protocol_only_no_empirical_claims,result/empirical_readiness_dashboard.csv,"place original raw archives/files in the target folder, then run raw-download and schema inspection"
priority_bundle,3: Ethiopia 2018-2019 ETH_2018_ESS_v04_M,manual_raw_download_required,metadata_protocol_only_no_empirical_claims,result/empirical_readiness_dashboard.csv,"place original raw archives/files in the target folder, then run raw-download and schema inspection"
priority_bundle,4: Jamaica 1997 JAM_1997_SLC_v01_M,manual_raw_download_required,metadata_protocol_only_no_empirical_claims,result/empirical_readiness_dashboard.csv,"place original raw archives/files in the target folder, then run raw-download and schema inspection"
priority_bundle,5: Kyrgyz Republic 1993 KGZ_1993_KMPS_v01_M,manual_raw_download_required,metadata_protocol_only_no_empirical_claims,result/empirical_readiness_dashboard.csv,"place original raw archives/files in the target folder, then run raw-download and schema inspection"
priority_bundle,6: Malawi 2007-2009 MWI_2007-2009_MTM_v01_M,manual_raw_download_required,metadata_protocol_only_no_empirical_claims,result/empirical_readiness_dashboard.csv,"place original raw archives/files in the target folder, then run raw-download and schema inspection"
priority_bundle,7: Malawi 2004-2005 MWI_2004_IHS-II_v01_M,manual_raw_download_required,metadata_protocol_only_no_empirical_claims,result/empirical_readiness_dashboard.csv,"place original raw archives/files in the target folder, then run raw-download and schema inspection"
priority_bundle,8: Nepal 2010-2011 NPL_2010_LSS-III_v01_M,manual_raw_download_required,metadata_protocol_only_no_empirical_claims,result/empirical_readiness_dashboard.csv,"place original raw archives/files in the target folder, then run raw-download and schema inspection"
priority_bundle,9: Nigeria 2012-2013 NGA_2012_GHSP-W2_v02_M,manual_raw_download_required,metadata_protocol_only_no_empirical_claims,result/empirical_readiness_dashboard.csv,"place original raw archives/files in the target folder, then run raw-download and schema inspection"
priority_bundle,10: Nigeria 2015-2016 NGA_2015_GHSP-W3_v02_M,manual_raw_download_required,metadata_protocol_only_no_empirical_claims,result/empirical_readiness_dashboard.csv,"place original raw archives/files in the target folder, then run raw-download and schema inspection"
artifact_manifest,curated_artifacts,available,present=639; missing_or_empty=4,result/direct_read_artifact_manifest.csv,Curated artifact manifest with row counts and checksums for direct reviewer/GPT intake.
